LOCALITA',STAZIONE,STATO,DATA,ANNO,MESE,LATITUDINE,LONGITUDINE,altezza onda,ammonio,copertura cielo,direzione vento,fosfati,intensità vento,nitrati,nitriti,ossigeno disciolto,pH,provenienza onda,salinità,temperatura,temperatura aria,Amphidinium carterae cell/gr,Amphidinium carterae cell/l,Coolia monotis cell/gr,Coolia monotis cell/l,Dinophysis caudata cell/l,Dinophysis cfr. fortii cell/gr,Dinophysis fortii cell/l,Ostreopsis cfr. ovata cell/gr,Ostreopsis cfr. ovata cell/l,Prorocentrum lima cell/gr,Prorocentrum lima cell/l
Barcola - Trieste,ex CEDAS,attiva,2010-05-25,2010,5,45.68695,13.745716666666668,ASSENTE,"1,42",0,O,"0,06","0,5","13,40","0,27","111,00","8,08",ASSENTE,"27,20","19,9","21,4",0,0,595,0,,,,0,0,0,66
Barcola - Trieste,ex CEDAS,attiva,2010-06-28,2010,6,45.68695,13.745716666666668,ASSENTE,"1,59",1,O,"0,07","2,1","7,48","0,16","108,00","8,28",ASSENTE,"30,60","24,07","25,2",0,0,0,0,,,,0,0,336,0
Barcola - Trieste,ex CEDAS,attiva,2010-07-20,2010,7,45.68695,13.745716666666668,ASSENTE,"3,69","0,5",S,"0,10","2,6","2,11","0,31","74,60","7,87",ASSENTE,"37,00","17,66","28,0",0,0,0,0,,,,0,0,415,1440
Barcola - Trieste,ex CEDAS,attiva,2010-08-17,2010,8,45.68695,13.745716666666668,ASSENTE,"1,09",2,S,"0,01",2,"2,58","0,09","74,80","8,23",ASSENTE,"33,50","23,76","26,5",0,0,0,0,,,,0,0,40,0
Barcola - Trieste,ex CEDAS,attiva,2010-09-14,2010,9,45.68695,13.745716666666668,ASSENTE,"1,61",0,SSE,"0,01",3,"1,74","0,11","81,20","8,23",ASSENTE,"34,40","20,60",22,0,0,495,0,1200,536,6800,0,0,636,0
Barcola - Trieste,ex CEDAS,attiva,2011-05-18,2011,5,45.68695,13.745716666666668,ASSENTE,"1,62",1,S,"0,10","10,5","0,24","0,07","111,0","8,06",ASSENTE,"36,73","15,50","25,0",0,0,0,0,,,,0,0,0,0
Barcola - Trieste,ex CEDAS,attiva,2011-06-15,2011,6,45.68695,13.745716666666668,ASSENTE,"0,88",1,SSO,"0,01","4,5","0,24","0,07","103,5","8,16",ASSENTE,"36,71","19,34","28,0",0,0,0,0,,,,0,0,0,0
Barcola - Trieste,ex CEDAS,attiva,2011-07-15,2011,7,45.68695,13.745716666666668,ASSENTE,"2,01",9,SSO,"0,05","6,0","1,08","0,14","99,9","8,17",ASSENTE,"35,46","25,87","32,2",0,0,69,0,,,,0,0,46,0
Barcola - Trieste,ex CEDAS,attiva,2011-08-09,2011,8,45.68695,13.745716666666668,ASSENTE,"1,54",5,S,"0,03",5,"2,07","0,10","100,3","8,24",ASSENTE,"35,02","24,34","24,9",0,0,0,0,,,,0,0,76,0
Barcola - Trieste,ex CEDAS,attiva,2011-09-14,2011,9,45.68695,13.745716666666668,ASSENTE,"0,53",0,ASSENTE,"0,02",0,"0,00","0,02","112,5","8,17",ASSENTE,"35,74","25,37","28,2",0,0,14847,0,,,,439911,1460,1100,0
Barcola - Trieste,ex CEDAS,attiva,2011-09-21,2011,9,45.68695,13.745716666666668,ASSENTE,,0,OSO,,"2,5",,,,,ASSENTE,,,"26,4",0,0,85366,120,,,,878049,1840,2065,80
Barcola - Trieste,ex CEDAS,attiva,2011-10-03,2011,10,45.68695,13.745716666666668,ASSENTE,,0,-,,-,,,,,ASSENTE,,,-,,,,,,,,,,,
Barcola - Trieste,ex CEDAS,attiva,2012-05-24,2012,5,45.68695,13.745716666666668,"0,50","1,10",9,SE,"0,01","2,2","1,54","0,08","123,55","6,20",SE,"36,889","18,669","24,5",0,0,221,200,,,,0,0,0,0
Barcola - Trieste,ex CEDAS,attiva,2012-06-21,2012,6,45.68695,13.745716666666668,ASSENTE,"1,13",0,SO,"0,01","2,7","6,12","0,13","90,45","8,02",ASSENTE,"33,170","26,931","34,8",0,0,18927,0,,,,0,0,75,0
Barcola - Trieste,ex CEDAS,attiva,2012-07-11,2012,7,45.68695,13.745716666666668,"0,50","1,54",3,SO,"0,02","1,5","2,51","0,11","97,45","8,84",SO,"34,875","27,924","35,5",0,0,105,0,,,,0,0,0,0
Barcola - Trieste,ex CEDAS,attiva,2012-08-09,2012,8,45.68695,13.745716666666668,ASSENTE,"1,01",4,SE,"0,02","6,5","1,28","0,02","128,58","8,15",ASSENTE,"37,386","24,948","31,9",0,0,13603,0,,,,0,0,698,0
Barcola - Trieste,ex CEDAS,attiva,2012-09-13,2012,9,45.68695,13.745716666666668,"0,50","1,40",10,SE,"0,08","15,0","6,38","0,16","80,45","7,90",SE,"36,896","21,757","18,2",0,0,348,0,,,,317,0,0,0
Barcola - Trieste,ex CEDAS,attiva,2013-05-13,2013,5,45.68695,13.745716666666668,ASSENTE,"1,06",2,ONO,"0,04","4,5","1,03","0,13","108,08","8,21",ASSENTE,"36,36","18,52","18,2",0,0,393,0,,,,0,0,0,0
Barcola - Trieste,ex CEDAS,attiva,2013-06-17,2013,6,45.68695,13.745716666666668,ASSENTE,"4,12",0,ASSENTE,"0,03",ASSENTE,"6,65","0,25","104,15","8,15",ASSENTE,"31,57","26,13","34,5",0,0,2038,220,,,,0,0,272,0
Barcola - Trieste,ex CEDAS,attiva,2013-07-15,2013,7,45.68695,13.745716666666668,ASSENTE,"1,41",5,ASSENTE,"0,04",ASSENTE,"1,55","0,08","111,56","8,24",ASSENTE,"36,02","25,22","33,7",0,0,340,0,,,,0,0,0,0
Barcola - Trieste,ex CEDAS,attiva,2013-08-19,2013,8,45.68695,13.745716666666668,ASSENTE,"5,25",3,OSO,"0,04","1,3","5,36","0,25","106,73","8,14",ASSENTE,"36,14","23,56","31,4",0,0,230,0,,,,0,0,179,0
Barcola - Trieste,ex CEDAS,attiva,2013-09-16,2013,9,45.68695,13.745716666666668,ASSENTE,"5,41",4,ASSENTE,"0,04",ASSENTE,"1,52","0,37","96,99","8,03",ASSENTE,"35,93","22,93","27,0",1169,0,69,0,,,,1329,100,390,20
Barcola - Trieste,ex CEDAS,attiva,2014-05-12,2014,5,45.68695,13.745716666666668,ASSENTE,"1,22",5,NO,"0,04","1,0","13,1","0,28","95,99","7,66",ASSENTE,"30,72","19,67","23,0",0,0,386,47,,,,0,0,0,0
Barcola - Trieste,ex CEDAS,attiva,2014-06-16,2014,6,45.68695,13.745716666666668,ASSENTE,"3,44",10,SE,"0,04","5,0","0,61","0,06","109,43","8,02",ASSENTE,"37,19","16,87","22,6",0,0,74,40,,,,40,0,22,0
Barcola - Trieste,ex CEDAS,attiva,2014-07-28,2014,7,45.68695,13.745716666666668,ASSENTE,"2,15",8,NNO,"0,1","1,0","2,74","0,09","102,48","8,26",ASSENTE,"33,89","24,61","29,8",270,0,1710,0,,,,0,0,270,0
Barcola - Trieste,ex CEDAS,attiva,2014-08-18,2014,8,45.68695,13.745716666666668,ASSENTE,"1,14",5,ASSENTE,"0,02",ASSENTE,"3,03","0,08","124,22","8,02",ASSENTE,"34,74","25,46",29,293,0,352,20,,,,59,0,176,0
Barcola - Trieste,ex CEDAS,attiva,2014-09-15,2014,9,45.68695,13.745716666666668,ASSENTE,"1,18",1,ASSENTE,"0,03",ASSENTE,"6,67","0,11","103,56","8,28",ASSENTE,"33,02","20,58",22,0,0,3416,0,,,,126636,100,244,0
Barcola - Trieste,ex CEDAS,attiva,2014-09-24,2014,9,45.68695,13.745716666666668,ASSENTE,"1,14",9,ASSENTE,"0,01",ASSENTE,1,"0,1","97,86","8,18",ASSENTE,"36,35","21,05",20,0,0,2736,0,,,,29640,40,912,0
Barcola - Trieste,ex CEDAS,attiva,2015-05-18,2015,5,45.68695,13.745716666666668,ASSENTE,"0,02",0,ASSENTE,"0,06",ASSENTE,"0,02","0,02","111,79","8,21",ASSENTE,"37,30","14,93","27,0",0,0,93,0,,,,0,0,23,0
Barcola - Trieste,ex CEDAS,attiva,2015-06-22,2015,6,45.68695,13.745716666666668,ASSENTE,"0,35",3,ASSENTE,"0,08",ASSENTE,"0,42","0,02","111,75","8,25",ASSENTE,"37,74","21,15","29,5",0,0,73,0,,,,0,0,0,0
Barcola - Trieste,ex CEDAS,attiva,2015-07-06,2015,7,45.68695,13.745716666666668,ASSENTE,"0,96",2,ASSENTE,"0,08",ASSENTE,"3,3","0,07","116,69","8,23",ASSENTE,"35,68","27,54","34,0",0,0,188,0,,,,0,0,78,0
Barcola - Trieste,ex CEDAS,attiva,2015-08-17,2015,8,45.68695,13.745716666666668,ASSENTE,"1,74",10,ASSENTE,"0,03",ASSENTE,"0,74","0,04","79,44","6,79",ASSENTE,"30,72","22,15",24,0,0,268,0,,,,62,0,21,0
Barcola - Trieste,ex CEDAS,attiva,2015-09-08,2015,9,45.68695,13.745716666666668,"0,30","1,3",1,O,"0,11","4,00","0,75","0,05","106,61","8,11",O,"36,56","22,95",23,0,0,3366,0,,,,100683,2840,1068,0
Barcola - Trieste,ex CEDAS,attiva,2016-05-16,2016,5,45.68695,13.745716666666668,"0,20","1,05",5,O,"0,06",3,"5,55","0,07","105,50","8,17",O,"36,06","16,90","18,0",17,0,33,0,,,,0,0,33,0
Barcola - Trieste,ex CEDAS,attiva,2016-06-27,2016,6,45.68695,13.745716666666668,"0,40","0,71",9,SO,"0,07",4,"3,21","0,03","103,31","8,26",SO,"33,91","25,30","28,5",0,0,65,0,,,,0,0,65,0
Barcola - Trieste,ex CEDAS,attiva,2016-07-25,2016,7,45.68695,13.745716666666668,ASSENTE,"0,43",9,NE,"0,01","4,00","3,88","0,05","98,92","8,14",ASSENTE,"36,45","25,79","34,0",0,0,681,0,,,,0,0,0,0
Barcola - Trieste,ex CEDAS,attiva,2016-08-08,2016,8,45.68695,13.745716666666668,"0,10","0,77",ASSENTE,S,"0,09",5,"3,22","0,06","92,84","8,12",S,"37,10","22,94",30,22,0,2574,160,,,,65,0,262,0
Barcola - Trieste,ex CEDAS,attiva,2016-09-19,2016,9,45.68695,13.745716666666668,ASSENTE,"2,02",7,NO,"0,04",2,"4,06","0,12","90,89","8,15",ASSENTE,"36,53","23,28",23,15,0,87,0,,,,5818,0,509,0
Barcola - Trieste,ex CEDAS,attiva,2017-05-22,2017,5,45.68695,13.745716666666668,ASSENTE,"1,25",5,ONO,"0,48","2,2","3,85","0,18","106,23","8,31",ASSENTE,"34,42","18,83",23,0,0,175094,0,,,,0,0,0,0
Barcola - Trieste,ex CEDAS,attiva,2017-06-20,2017,6,45.68695,13.745716666666668,ASSENTE,"2,37",0,ASSENTE,"0,17","0,0","5,95","0,12","98,66","8,41",ASSENTE,"33,6","24,01",31,0,0,216,0,,,,0,0,0,40
Barcola - Trieste,ex CEDAS,attiva,2017-07-17,2017,7,45.68695,13.745716666666668,ASSENTE,"1,34",0,O,"0,02","5,3","2,86","0,15","110,22","8,36",ASSENTE,"35,57","22,23",27,23,0,69,0,,,,0,0,139,0
Barcola - Trieste,ex CEDAS,attiva,2017-08-28,2017,8,45.68695,13.745716666666668,ASSENTE,"0,83",10,SO,"0,32","4,7","2,96","0,04","108,04","8,46",ASSENTE,"35,98","24,60",32,1096,0,4220,0,,,,1096,0,2576,0
Barcola - Trieste,ex CEDAS,attiva,2017-09-18,2017,9,45.68695,13.745716666666668,ASSENTE,"0,98",8,ENE,"1,21","2,2","2,21","0,04","86,66","8,34",ASSENTE,"36,06","22,54",20,0,0,111,0,,,,3500,120,667,0
Barcola - Trieste,ex CEDAS,attiva,2018-05-21,2018,5,45.68695,13.745716666666668,ASSENTE,"1,02",2,E,"0,12","6,11","5,72","0,16","110,70","8,19",ASSENTE,"37,70","17,34",24,0,0,244,0,,,,0,0,0,0
Barcola - Trieste,ex CEDAS,attiva,2018-06-26,2018,6,45.68695,13.745716666666668,ASSENTE,,2,ENE,"0,07","6,67","4,61","0,04","96,84","8,21",ASSENTE,"37,8","22,31",25,0,0,2740,0,,,,0,0,342,0
Barcola - Trieste,ex CEDAS,attiva,2018-07-23,2018,7,45.68695,13.745716666666668,ASSENTE,,9,O,"0,06","4,20","0,07","0,07","99,40","8,20",ASSENTE,"37,50","25,60",26,0,0,158,0,,,,0,0,1372,0
Barcola - Trieste,ex CEDAS,attiva,2018-08-27,2018,8,45.68695,13.745716666666668,ASSENTE,"0,45",0,ENE,"1,78","6,10","7,3","0,06","87,40","8,10",ASSENTE,"37,40","21,30",22,0,0,2679,0,,,,31998,120,416,0
Barcola - Trieste,ex CEDAS,attiva,2018-09-17,2018,9,45.68695,13.745716666666668,ASSENTE,"1,35",3,NO,"0,08","2,8","4,77","0,09","98,88","8,15",ASSENTE,"36,95","24,74",24,0,0,3220,0,,,,46432,440,1199,0
Barcola - Trieste,ex CEDAS,attiva,2019-06-24,2019,6,45.68695,13.745716666666668,ASSENTE,"2,64",2,ONO,"0,06","3,50","7,64","0,06","103,52","8,26",ASSENTE,"32,50","25,58",31,106,0,42,0,,,,0,0,63,0
Barcola - Trieste,ex CEDAS,attiva,2019-07-15,2019,7,45.68695,13.745716666666668,ASSENTE,"0,11",9,E,"0,01","4,70","4,5","0,06","97,07","8,22",ASSENTE,"36,96","23,65",30,73,0,170,0,,,,0,0,121,0
Barcola - Trieste,ex CEDAS,attiva,2019-07-22,2019,7,45.68695,13.745716666666668,ASSENTE,"0,11",8,ONO,"0,01","2,20","3,62","0,06","92,72","8,29",ASSENTE,"36,62","25,70",28,111,0,890,0,,,,0,0,612,120
Barcola - Trieste,ex CEDAS,attiva,2019-08-05,2019,8,45.68695,13.745716666666668,ASSENTE,"0,83",9,ONO,"0,17","1,70","4,94","0,15","98,14","8,33",ASSENTE,"35,98","25,81",25,31,0,359,0,,,,0,0,1172,0
Barcola - Trieste,ex CEDAS,attiva,2019-08-26,2019,8,45.68695,13.745716666666668,ASSENTE,"0,48",0,SE,"0,11","3,3","2,83","0,06","96,55","8,23",ASSENTE,"37,52","23,63",32,189,0,836,0,,,,431,0,458,0
Barcola - Trieste,ex CEDAS,attiva,2019-09-16,2019,9,45.68695,13.745716666666668,ASSENTE,"1,12",0,NNO,"0,29","1,9","3,5","0,06","87,29","8,21",ASSENTE,"37,23","23,64",23,0,0,242,0,,,,183928,3400,0,40
Barcola - Trieste,ex CEDAS,attiva,2019-09-23,2019,9,45.68695,13.745716666666668,ASSENTE,"0,91",10,ONO,"0,59","2,5","4,61","0,06","80,25","8,19",ASSENTE,"37,58","20,70",18,257,0,1851,40,,,,31577,1120,1389,40
Barcola - Trieste,ex CEDAS,attiva,2020-06-22,2020,6,45.68695,13.745716666666668,ASSENTE,"0,01",2,O,"0,01","2,50","0,53","0,01",,"8,13",ASSENTE,"30,32","24,22",23,0,0,660,0,,,,0,0,124,0
Barcola - Trieste,ex CEDAS,attiva,2020-07-06,2020,7,45.68695,13.745716666666668,ASSENTE,"0,01",0,NNO,"0,01","3,60","0,37","0,01","93,98","8,10",ASSENTE,"34,64","24,48",28,638,1040,243,0,,,,0,0,364,0
Barcola - Trieste,ex CEDAS,attiva,2020-07-20,2020,7,45.68695,13.745716666666668,ASSENTE,"0,01",0,ONO,"0,01","1,70","2,12","0,01","93,05","8,15",ASSENTE,"35,51","23,17",24,0,0,356,0,,,,0,0,603,0
Barcola - Trieste,ex CEDAS,attiva,2020-08-03,2020,8,45.68695,13.745716666666668,ASSENTE,"0,13",10,O,"0,03","1,70","1,04","0,01","86,70","8,10",ASSENTE,"36,39","25,44",26,107,0,27,0,,,,0,0,160,80
Barcola - Trieste,ex CEDAS,attiva,2020-08-24,2020,8,45.68695,13.745716666666668,ASSENTE,"0,01",6,ENE,"0,18","10,00","1,51","0,01","75,70","8,10",ASSENTE,"37,91","20,74",26,3109,0,663,0,,,,7443,0,0,0
Barcola - Trieste,ex CEDAS,attiva,2020-09-07,2020,9,45.68695,13.745716666666668,ASSENTE,"0,01",6,ENE,"0,02","9,20","1,50","0,01","99,31","8,09",ASSENTE,"36,87","24,74",25,0,0,3230,0,,,,208236,2200,39,0
Barcola - Trieste,ex CEDAS,attiva,2020-09-14,2020,9,45.68695,13.745716666666668,ASSENTE,,0,E,,"5,80",,,"141,37","8,29",ASSENTE,"36,21","24,80",29,,,,,,,,,,,
Barcola - Trieste,ex CEDAS,attiva,2020-09-21,2020,9,45.68695,13.745716666666668,ASSENTE,"0,10",9,NO,"0,10","1,90","0,10","0,10","98,79","7,84",ASSENTE,"37,30","21,50",23,144,0,936,40,,,,1512,200,432,0
Barcola - Trieste,ex CEDAS,attiva,2021-06-21,2021,6,45.68695,13.745716666666668,ASSENTE,"0,85",0,NO,"0,01","1,90","2,19","0,01","86,66","8,23",ASSENTE,"34,45","26,11",27,80,0,900,0,,,,0,0,380,0
Barcola - Trieste,ex CEDAS,attiva,2021-07-05,2021,7,45.68695,13.745716666666668,ASSENTE,"0,94",4,WNW,"0,01","3,10","3,03","0,10","86,58","8,30",ASSENTE,"31,96","26,63",24,0,0,0,0,,,,0,0,0,0
Barcola - Trieste,ex CEDAS,attiva,2021-07-19,2021,7,45.68695,13.745716666666668,ASSENTE,"0,01",4,NNE,"0,01","7,80","0,01","0,13","87,13","8,06",ASSENTE,"34,44","24,79",29,50,40,151,0,,,,0,0,50,40
Barcola - Trieste,ex CEDAS,attiva,2021-08-02,2021,8,45.68695,13.745716666666668,ASSENTE,"0,82",5,W,"0,19","2,80","1,83","0,11","82,88","8,06",ASSENTE,"34,69","26,77",26,36,0,360,0,,,,0,0,360,0
Barcola - Trieste,ex CEDAS,attiva,2021-08-24,2021,8,45.68695,13.745716666666668,ASSENTE,"0,01",1,ENE,"0,20","7,20","1,68","0,07","88,52",,ASSENTE,"36,97","22,58",25,764,0,478,0,,,,287,0,764,0
Barcola - Trieste,ex CEDAS,attiva,2021-09-06,2021,9,45.68695,13.745716666666668,ASSENTE,"0,50",0,NE,"0,23","6,11","0,49","0,01","86,99",,ASSENTE,"36,85","22,84",25,1121,0,540,0,,,,11804,40,5111,0
Barcola - Trieste,ex CEDAS,attiva,2021-09-20,2021,9,45.68695,13.745716666666668,ASSENTE,"0,91",9,ENE,"0,20","10,80","1,48","0,01","93,31",,ASSENTE,"36,88","22,49",20,2104,80,3190,240,,,,14662,240,7059,80
Barcola - Trieste,ex CEDAS,attiva,2022-06-20,2022,6,45.68695,13.745716666666668,ASSENTE,"1,06",0,NO,"0,40","1,70","2,57","0,14","107,38","8,22",ASSENTE,"36,41","24,70",24,2107,0,1296,0,,,,0,0,0,0
Barcola - Trieste,ex CEDAS,attiva,2022-07-25,2022,7,45.68695,13.745716666666668,ASSENTE,"1,44",0,WNW,"0,18","4,70","2,55","0,09","110,06","8,18",ASSENTE,"37,90","26,90",31,205,0,8249,0,,,,0,0,750,0
Barcola - Trieste,ex CEDAS,attiva,2022-08-08,2022,8,45.68695,13.745716666666668,ASSENTE,"0,71",2,ENE,"0,64","8,80","0,89","<0,01","87,81","8,12",ASSENTE,"38,13","21,10",26,0,0,147,0,,,,93454,760,0,0
Barcola - Trieste,ex CEDAS,attiva,2022-08-22,2022,8,45.68695,13.745716666666668,ASSENTE,"<0,01",3,WNW,"0,11","1,60","1,88","0,10",,,ASSENTE,,"24,89",25,0,0,29909,120,,,,263315,3920,0,40
Barcola - Trieste,ex CEDAS,attiva,2022-08-29,2022,8,45.68695,13.745716666666668,ASSENTE,"1,06",5,S,"0,13","1,90","0,65","0,27",,"8,22",ASSENTE,"38,10","24,88",28,0,0,2310,0,,,,14458,760,1080,0
Barcola - Trieste,ex CEDAS,attiva,2022-09-05,2022,9,45.68695,13.745716666666668,ASSENTE,"1,44",4,NW,"0,18","2,50","0,73","0,35","105,97","8,03",ASSENTE,"38,18","23,53",23,0,0,2623,0,,,,50102,480,1749,0
Barcola - Trieste,ex CEDAS,attiva,2022-09-19,2022,9,45.68695,13.745716666666668,ASSENTE,,2,SE,,"2,80",,,"104,54","8,00",ASSENTE,"37,78","22,30",20,0,0,1484,0,,,,6349,240,0,0
Barcola - Trieste,ex CEDAS,attiva,2023-06-19,2023,6,45.68695,13.745716666666668,ASSENTE,"0,78",5,NW,"0,16","3,60","0,44","0,08","107,89","8,09",ASSENTE,"37,69","22,11",23,0,0,1693,0,,,,0,0,80,40
Barcola - Trieste,ex CEDAS,attiva,2023-07-24,2023,7,45.68695,13.745716666666668,ASSENTE,"2,02",3,ESE,"1,22","2,50","1,45","0,27","89,19","8,00",ASSENTE,"37,34","26,48",28,60,0,535,0,,,,0,0,1457,640
Barcola - Trieste,ex CEDAS,attiva,2023-08-07,2023,8,45.68695,13.745716666666668,ASSENTE,"1,74",1,NW,"0,22","1,40","0,48","0,08","87,39","7,96",ASSENTE,"36,59","24,99",21,194,0,164,0,,,,0,0,179,0
Barcola - Trieste,ex CEDAS,attiva,2023-08-21,2023,8,45.68695,13.745716666666668,ASSENTE,"1,77",0,ENE,"0,11","3,10","1,50","0,15","81,05","8,06",ASSENTE,"37,33","26,11",30,4489,0,25094,400,,,,49037,1760,4719,0
Barcola - Trieste,ex CEDAS,attiva,2023-09-04,2023,9,45.68695,13.745716666666668,ASSENTE,"1,62",4,ENE,"0,11","10,00","0,41","0,18","97,11","8,05",ASSENTE,"37,30","24,91",25,451,520,1020,80,,,,19858,640,746,40
Barcola - Trieste,ex CEDAS,attiva,2023-09-18,2023,9,45.68695,13.745716666666668,ASSENTE,"1,15",10,SSE,"0,04","0,80","0,83","0,09","80,66","8,01",ASSENTE,"36,22","24,20",24,124,0,2045,400,,,,8334,800,1549,0
Barcola - Trieste,ex CEDAS,attiva,2024-06-24,2024,6,45.68695,13.745716666666668,ASSENTE,"2,07",9,ENE,"0,05","16,70","<1,43","0,11","86,47","8,13",ASSENTE,"37,00","19,10",24,0,0,84,0,,,,0,0,56,0
Barcola - Trieste,ex CEDAS,attiva,2024-07-22,2024,7,45.68695,13.745716666666668,ASSENTE,"1,93",8,WNW,"<0,01","1,60","<1,43","0,06","92,60","8,23",ASSENTE,"37,00","24,49",26,0,0,138,0,,,,0,0,108,0
Barcola - Trieste,ex CEDAS,attiva,2024-08-05,2024,8,45.68695,13.745716666666668,ASSENTE,"3,07",8,WNW,"0,08","2,5","<1,43","0,1","84,93","8,25",ASSENTE,"35,88","26,62","27,6",64,0,499,0,,,,0,0,434,0
Barcola - Trieste,ex CEDAS,attiva,2024-08-19,2024,8,45.68695,13.745716666666668,ASSENTE,"3,57",10,NNW,"<0,01","0,2","<1,43","0,18","80,92","8,26",ASSENTE,"36,37","27,94","23,1",83,0,465,0,,,,248,80,527,40
Barcola - Trieste,ex CEDAS,attiva,2024-09-02,2024,9,45.68695,13.745716666666668,ASSENTE,"1,71",4,SSE,"<0,01","2,2","<1,43","<0,06","82,43","8,35",ASSENTE,"35,22","28,13","31,2",26,0,51,0,,,,128,0,128,40
Barcola - Trieste,ex CEDAS,attiva,2024-09-16,2024,9,45.68695,13.745716666666668,ASSENTE,"0,50",6,SSE,"0,1","1,7","<1,43","<0,06","83,18","8,30",ASSENTE,"35,60","23,09","18,6",35,0,26,0,,,,0,0,17,0
Canovella de' Zoppoli - Duino-Aurisina,Pozza di marea,attiva,2009-09-29,2009,9,45.749116666666666,13.655783333333334,,,,,,,,,,,,,,,,,,,,,,N/D,3076416,,
Canovella de' Zoppoli - Duino-Aurisina,Pozza di marea,attiva,2009-10-01,2009,10,45.749116666666666,13.655783333333334,ASSENTE,,0,NNE,,"5,0",,,,,ASSENTE,,,"26,0",,,,,,,,N/D,5020,,
Canovella de' Zoppoli - Duino-Aurisina,Pozza di marea,attiva,2009-10-07,2009,10,45.749116666666666,13.655783333333334,ASSENTE,,0,NNE,,"5,0",,,,,ASSENTE,,,"26,0",,,,,,,,N/D,400,,
Canovella de' Zoppoli - Duino-Aurisina,Pozza di marea,attiva,2010-05-27,2010,5,45.749116666666666,13.655783333333334,ASSENTE,"1,54",0,ONO,"0,03","2,5","14,72","0,17","104,00","8,03",ASSENTE,"26,10","21,06","21,0",0,0,115,0,,,,0,0,0,0
Canovella de' Zoppoli - Duino-Aurisina,Pozza di marea,attiva,2010-06-29,2010,6,45.749116666666666,13.655783333333334,ASSENTE,"1,91",2,ASSENTE,"0,07","0,0","14,96","0,28","122,50","8,21",ASSENTE,"27,50","24,50","28,8",0,0,153,240,,,,0,0,722,0
Canovella de' Zoppoli - Duino-Aurisina,Pozza di marea,attiva,2010-07-21,2010,7,45.749116666666666,13.655783333333334,ASSENTE,"1,46",0,ASSENTE,"0,02","0,0","2,95","0,23","154,10","8,31",ASSENTE,"33,40","25,40","30,6",0,0,52,40,,,,40,0,0,0
Canovella de' Zoppoli - Duino-Aurisina,Pozza di marea,attiva,2010-08-18,2010,8,45.749116666666666,13.655783333333334,ASSENTE,"0,80",7,ASSENTE,"0,01",0,"2,11","10,00","83,40","8,20",ASSENTE,"33,40","23,89","28,2",0,0,112,0,,,,0,0,392,0
Canovella de' Zoppoli - Duino-Aurisina,Pozza di marea,attiva,2010-09-15,2010,9,45.749116666666666,13.655783333333334,ASSENTE,"0,98",3,ASSENTE,"0,01",0,"2,33","0,09","71,70","8,28",ASSENTE,"33,10","21,80","22,4",0,0,134,20,0,0,0,46,0,127,40
Canovella de' Zoppoli - Duino-Aurisina,Pozza di marea,attiva,2011-05-16,2011,5,45.749116666666666,13.655783333333334,ASSENTE,"1,24",4,S,"0,11","1,0","1,14","0,08","107,9","8,16",ASSENTE,"36,55","15,41","15,0",0,0,120,40,,,,0,0,0,0
Canovella de' Zoppoli - Duino-Aurisina,Pozza di marea,attiva,2011-06-17,2011,6,45.749116666666666,13.655783333333334,ASSENTE,"0,94",7,ASSENTE,"0,01","0,0","3,10","0,11","100,4","8,15",ASSENTE,"34,59","22,81","28,0",0,0,4925,0,,,,0,0,276,0
Canovella de' Zoppoli - Duino-Aurisina,Pozza di marea,attiva,2011-07-13,2011,7,45.749116666666666,13.655783333333334,ASSENTE,"1,35",1,ASSENTE,"0,07","0,0","1,97","0,16","126,0","8,22",ASSENTE,"35,35","26,61","29,5",0,0,43,1200,,,,0,0,174,400
Canovella de' Zoppoli - Duino-Aurisina,Pozza di marea,attiva,2011-08-11,2011,8,45.749116666666666,13.655783333333334,ASSENTE,"1,45",1,ASSENTE,"0,10",0,"2,87","0,19","127,9","8,24",ASSENTE,"35,15","25,50","27,3",0,0,530,3200,,,,0,0,2056,800
Canovella de' Zoppoli - Duino-Aurisina,Pozza di marea,attiva,2011-09-15,2011,9,45.749116666666666,13.655783333333334,ASSENTE,"1,42",0,ASSENTE,"0,06",0,"1,91","0,19","123,8","8,20",ASSENTE,"35,83","25,15","25,9",0,0,25538,0,,,,142850,14080,1358,0
Canovella de' Zoppoli - Duino-Aurisina,Pozza di marea,attiva,2011-09-21,2011,9,45.749116666666666,13.655783333333334,ASSENTE,,0,OSO,,"5,2",,,,,ASSENTE,,,26,0,0,0,0,,,,713292,9480,0,0
Canovella de' Zoppoli - Duino-Aurisina,Pozza di marea,attiva,2011-10-03,2011,10,45.749116666666666,13.655783333333334,ASSENTE,,0,-,,-,,,,,ASSENTE,,,-,0,0,135239,1260,,,,387352,14560,16696,340
Canovella de' Zoppoli - Duino-Aurisina,Pozza di marea,attiva,2011-10-19,2011,10,45.749116666666666,13.655783333333334,ASSENTE,,5,-,,-,,,,,ASSENTE,,,-,0,0,86036,200,,,,41430,3612,927,0
Canovella de' Zoppoli - Duino-Aurisina,Pozza di marea,attiva,2012-05-24,2012,5,45.749116666666666,13.655783333333334,ASSENTE,"0,64",3,ASSENTE,"0,01",ASSENTE,"8,14","0,13","120,53","8,09",ASSENTE,"34,202","18,055","22,7",0,0,1357,20,,,,113,0,226,0
Canovella de' Zoppoli - Duino-Aurisina,Pozza di marea,attiva,2012-06-21,2012,6,45.749116666666666,13.655783333333334,ASSENTE,"1,77",0,ASSENTE,"0,06",ASSENTE,"13,00","0,23","110,95","7,88",ASSENTE,"30,893","26,767","36,4",0,0,607,0,,,,0,0,1516,0
Canovella de' Zoppoli - Duino-Aurisina,Pozza di marea,attiva,2012-07-11,2012,7,45.749116666666666,13.655783333333334,ASSENTE,"0,69",2,ASSENTE,"0,01",ASSENTE,"1,48","0,08","99,77","8,00",ASSENTE,"35,427","26,945","35,5",0,0,2254,40,,,,0,0,572,0
Canovella de' Zoppoli - Duino-Aurisina,Pozza di marea,attiva,2012-08-09,2012,8,45.749116666666666,13.655783333333334,ASSENTE,"0,87",3,SO,"0,03","3,0","2,53","0,06","142,52","8,11",ASSENTE,"36,981","27,789","35,9",0,0,6286,40,,,,0,0,61449,1840
Canovella de' Zoppoli - Duino-Aurisina,Pozza di marea,attiva,2012-09-13,2012,9,45.749116666666666,13.655783333333334,ASSENTE,"0,58",10,SE,"0,01","2,5","2,38","0,07","138,02","8,25",ASSENTE,"36,207","21,243","20,6",0,0,4728,3080,,,,2526264,87360,1351,0
Canovella de' Zoppoli - Duino-Aurisina,Pozza di marea,attiva,2013-05-13,2013,5,45.749116666666666,13.655783333333334,ASSENTE,"0,81",2,O,"0,06","3,50","7,06","0,12","107,36","8,19",ASSENTE,"32,52","19,41","23,0",0,0,555,0,,,,0,0,0,0
Canovella de' Zoppoli - Duino-Aurisina,Pozza di marea,attiva,2013-06-17,2013,6,45.749116666666666,13.655783333333334,ASSENTE,"5,40",0,ASSENTE,"0,03",ASSENTE,"12,00","0,48","124,47","8,24",ASSENTE,"30,88","28,60","33,5",0,0,21706,780,,,,0,0,447,0
Canovella de' Zoppoli - Duino-Aurisina,Pozza di marea,attiva,2013-07-15,2013,7,45.749116666666666,13.655783333333334,ASSENTE,"3,06",5,OSO,"0,08","3,00","2,32","0,17","107,46","8,18",ASSENTE,"36,42","26,27","33,3",0,0,89,0,,,,0,0,391,0
Canovella de' Zoppoli - Duino-Aurisina,Pozza di marea,attiva,2013-08-19,2013,8,45.749116666666666,13.655783333333334,ASSENTE,"1,62",1,ASSENTE,"0,04",ASSENTE,"3,97","0,26","121,58","8,11",ASSENTE,"36,58","24,80","29,6",0,0,844,0,,,,137,0,593,0
Canovella de' Zoppoli - Duino-Aurisina,Pozza di marea,attiva,2013-09-16,2013,9,45.749116666666666,13.655783333333334,ASSENTE,"0,91",5,ASSENTE,"0,04",ASSENTE,"1,64","0,11","119,68","8,18",ASSENTE,"35,73","24,09","29,0",0,0,102453,520,,,,1627200,5740,0,0
Canovella de' Zoppoli - Duino-Aurisina,Pozza di marea,attiva,2013-09-26,2013,9,45.749116666666666,13.655783333333334,ASSENTE,,10,O,,"2,30",,,,,ASSENTE,,,"23,0",0,0,65600,1040,,,,8826,1640,143,100
Canovella de' Zoppoli - Duino-Aurisina,Pozza di marea,attiva,2014-05-12,2014,5,45.749116666666666,13.655783333333334,ASSENTE,"1,27",5,ONO,"0,04","1,0","11,7","0,24","101,14","7,90",ASSENTE,"31,35","20,86","17,2",0,0,766,67,,,,0,0,61,20
Canovella de' Zoppoli - Duino-Aurisina,Pozza di marea,attiva,2014-06-16,2014,6,45.749116666666666,13.655783333333334,ASSENTE,"2,72",10,ASSENTE,"0,09",ASSENTE,"1,99","0,07","115,73","8,02",ASSENTE,"35,24","19,31","22,2",0,0,27,40,,,,0,0,72,0
Canovella de' Zoppoli - Duino-Aurisina,Pozza di marea,attiva,2014-07-28,2014,7,45.749116666666666,13.655783333333334,,,,,,,,,,,,,,,33,0,817,20,,,,392,0,490,40
Canovella de' Zoppoli - Duino-Aurisina,Pozza di marea,attiva,2014-07-29,2014,7,45.749116666666666,13.655783333333334,"0,5","1,09",10,ASSENTE,"0,06",ASSENTE,"4,19","0,18","102,5","8,23",170,"33,84","23,91","21,8",,,,,,,,,,,
Canovella de' Zoppoli - Duino-Aurisina,Pozza di marea,attiva,2014-08-18,2014,8,45.749116666666666,13.655783333333334,ASSENTE,"1,44",8,ASSENTE,"0,09",ASSENTE,"3,17","0,14","93,88","8,28",ASSENTE,"34,2","24,80","25,2",320,0,640,60,,,,427,0,373,40
Canovella de' Zoppoli - Duino-Aurisina,Pozza di marea,attiva,2014-09-15,2014,9,45.749116666666666,13.655783333333334,ASSENTE,"1,17",3,SO,"0,05",2,"15,2","0,2","93,91","7,99",ASSENTE,"29,19","21,37","26,4",0,0,19328,120,,,,182710,680,0,0
Canovella de' Zoppoli - Duino-Aurisina,Pozza di marea,attiva,2014-09-24,2014,9,45.749116666666666,13.655783333333334,,"0,87",,,"0,05",,"2,04","0,1","106,33","8,24",,"36,94","21,60",,9680,0,50600,0,,,,98120,80,6160,0
Canovella de' Zoppoli - Duino-Aurisina,Pozza di marea,attiva,2015-05-18,2015,5,45.749116666666666,13.655783333333334,ASSENTE,"1,11",0,ASSENTE,"0,15",ASSENTE,"4,9","0,11","124,63","8,24",ASSENTE,"35,99","19,55","28,5",0,0,3895,0,,,,0,0,82,0
Canovella de' Zoppoli - Duino-Aurisina,Pozza di marea,attiva,2015-06-22,2015,6,45.749116666666666,13.655783333333334,ASSENTE,"0,53",9,ASSENTE,"0,07",ASSENTE,"2,97","0,07","115,62","8,22",ASSENTE,"31,42","21,86","25,5",59,0,534,200,,,,0,0,376,80
Canovella de' Zoppoli - Duino-Aurisina,Pozza di marea,attiva,2015-07-06,2015,7,45.749116666666666,13.655783333333334,ASSENTE,"1,23",8,ASSENTE,"0,11",ASSENTE,"6,41","0,16","124,76","8,20",ASSENTE,"35,55","26,08","28,0",0,0,180,0,,,,0,0,4230,0
Canovella de' Zoppoli - Duino-Aurisina,Pozza di marea,attiva,2015-08-17,2015,8,45.749116666666666,13.655783333333334,ASSENTE,"1,51",10,ASSENTE,"0,08",ASSENTE,"2,56","0,13","76,78","7,92",ASSENTE,"35,79","24,99","21,5",184,0,1581,0,,,,1323,0,74,0
Canovella de' Zoppoli - Duino-Aurisina,Pozza di marea,attiva,2015-09-08,2015,9,45.749116666666666,13.655783333333334,ASSENTE,"1,2",0,ASSENTE,"0,04",ASSENTE,"0,9","0,1","83,22","8,06",ASSENTE,"36,21","23,18",20,0,0,76480,120,,,,211200,6640,0,0
Canovella de' Zoppoli - Duino-Aurisina,Pozza di marea,attiva,2016-05-16,2016,5,45.749116666666666,13.655783333333334,ASSENTE,"1,28",2,NE,"0,11",1,"6,19","0,05","97,32","7,93",ASSENTE,"35,40","17,12","20,0",72,0,36,0,,,,0,0,0,0
Canovella de' Zoppoli - Duino-Aurisina,Pozza di marea,attiva,2016-06-27,2016,6,45.749116666666666,13.655783333333334,"0,20","0,69",8,O,"0,29",1,"3,57","0,08","101,86","8,19",O,"34,50","23,67","26,0",0,0,21,0,,,,0,0,0,0
Canovella de' Zoppoli - Duino-Aurisina,Pozza di marea,attiva,2016-07-25,2016,7,45.749116666666666,13.655783333333334,ASSENTE,"0,72",6,NE,"0,01","3,00","6,44","0,15","104,29","8,10",ASSENTE,"35,64","25,85","30,0",33,0,800,40,,,,0,0,167,40
Canovella de' Zoppoli - Duino-Aurisina,Pozza di marea,attiva,2016-08-08,2016,8,45.749116666666666,13.655783333333334,ASSENTE,"1,34",ASSENTE,SE,"0,14",1,"5,80","0,12","103,35","8,08",ASSENTE,"36,30","23,57",24,400,0,523,40,,,,0,0,400,40
Canovella de' Zoppoli - Duino-Aurisina,Pozza di marea,attiva,2016-09-19,2016,9,45.749116666666666,13.655783333333334,ASSENTE,"1,25",9,ASSENTE,"0,01",ASSENTE,"3,97","0,07","88,72","8,11",ASSENTE,"36,55","22,25",20,0,0,5022,0,,,,229716,6960,5022,0
Canovella de' Zoppoli - Duino-Aurisina,Pozza di marea,attiva,2017-05-22,2017,5,45.749116666666666,13.655783333333334,ASSENTE,"1,03",5,SSO,"0,53","2,1","5,24","0,24","122,81","8,36",ASSENTE,"33,99","21,71",26,4720,0,139623,0,,,,0,0,960,0
Canovella de' Zoppoli - Duino-Aurisina,Pozza di marea,attiva,2017-06-20,2017,6,45.749116666666666,13.655783333333334,ASSENTE,"2,08",0,ASSENTE,"0,12","0,0","9,92","0,48","114,78","8,42",ASSENTE,"31,51","24,3",26,0,0,1117,0,,,,0,0,0,4470
Canovella de' Zoppoli - Duino-Aurisina,Pozza di marea,attiva,2017-07-17,2017,7,45.749116666666666,13.655783333333334,ASSENTE,"1,38",0,O,"0,02","7,5","6,79","0,16","109,04","8,39",ASSENTE,"34,61","23,99",26,2234,0,0,0,,,,0,0,5340,0
Canovella de' Zoppoli - Duino-Aurisina,Pozza di marea,attiva,2017-08-28,2017,8,45.749116666666666,13.655783333333334,ASSENTE,"1,42",10,NO,"0,04","3,6","4,73","0,20","117,61","8,49",ASSENTE,"35,80","25,17",31,1882,0,776,0,,,,1474,320,11135,80
Canovella de' Zoppoli - Duino-Aurisina,Pozza di marea,attiva,2017-09-18,2017,9,45.749116666666666,13.655783333333334,ASSENTE,"0,82",10,OSO,"1,50","3,6","15,18","0,17","96,84","8,39",ASSENTE,"30,29","21,07",23,0,0,1768,0,,,,25642,6200,98,0
Canovella de' Zoppoli - Duino-Aurisina,Pozza di marea,attiva,2018-05-21,2018,5,45.749116666666666,13.655783333333334,ASSENTE,"1,19",4,ENE,"0,13","6,39","5,82","0,21","114,58","8,25",ASSENTE,"35,40","21,28",25,0,0,1626,440,,,,0,0,4789,1080
Canovella de' Zoppoli - Duino-Aurisina,Pozza di marea,attiva,2018-06-26,2018,6,45.749116666666666,13.655783333333334,ASSENTE,"0,08",2,NE,"0,12","6,67","7,25","0,21","123,73","8,26",ASSENTE,"36,2","24,08",25,1977,0,1273,120,,,,0,0,2790,320
Canovella de' Zoppoli - Duino-Aurisina,Pozza di marea,attiva,2018-07-23,2018,7,45.749116666666666,13.655783333333334,ASSENTE,"1,07",5,NE,"0,09","5,60","0,17","0,17","125,50","8,30",ASSENTE,"37,60","26,80",29,1362,0,439,0,,,,0,0,1581,120
Canovella de' Zoppoli - Duino-Aurisina,Pozza di marea,attiva,2018-08-27,2018,8,45.749116666666666,13.655783333333334,ASSENTE,"1,27",0,O,"0,67","5,00","6,03","0,11","109,00","8,30",ASSENTE,"36,70","24,80",23,2020,120,2813,400,,,,1082,720,431,200
Canovella de' Zoppoli - Duino-Aurisina,Pozza di marea,attiva,2018-09-17,2018,9,45.749116666666666,13.655783333333334,ASSENTE,"1,32",3,O,"0,09","1,4","12,02","0,17","126,04","8,24",ASSENTE,"36,03","25,97",26,472,0,9617,400,,,,23699,7840,644,0
Canovella de' Zoppoli - Duino-Aurisina,Pozza di marea,attiva,2019-06-24,2019,6,45.749116666666666,13.655783333333334,ASSENTE,"4,21",4,ASSENTE,"0,13",ASSENTE,16,"0,22","107,03","8,26",ASSENTE,"31,70","26,65",33,57,0,28,0,,,,0,0,227,0
Canovella de' Zoppoli - Duino-Aurisina,Pozza di marea,attiva,2019-07-15,2019,7,45.749116666666666,13.655783333333334,ASSENTE,"0,11",9,ESE,"0,09","8,30",13,"0,11","103,19","8,09",ASSENTE,"34,73","22,82",26,11,0,320,0,,,,0,0,43,0
Canovella de' Zoppoli - Duino-Aurisina,Pozza di marea,attiva,2019-07-22,2019,7,45.749116666666666,13.655783333333334,ASSENTE,"0,11",7,ONO,"0,04","3,30","6,22","0,09","116,51","8,42",ASSENTE,"36,28","27,09",28,140,0,449,0,,,,0,0,281,0
Canovella de' Zoppoli - Duino-Aurisina,Pozza di marea,attiva,2019-08-05,2019,8,45.749116666666666,13.655783333333334,ASSENTE,"0,32",7,ONO,"0,09","2,20","9,68","0,18","101,58","8,42",ASSENTE,"32,90","26,38",26,26,0,204,0,,,,0,0,626,0
Canovella de' Zoppoli - Duino-Aurisina,Pozza di marea,attiva,2019-08-26,2019,8,45.749116666666666,13.655783333333334,ASSENTE,1,0,ASSENTE,"0,21",ASSENTE,"6,35","0,11","109,84","8,47",ASSENTE,"35,97","26,24",34,3009,3520,3823,175,,,,5487,1240,850,0
Canovella de' Zoppoli - Duino-Aurisina,Pozza di marea,attiva,2019-09-16,2019,9,45.749116666666666,13.655783333333334,ASSENTE,"0,71",0,NNO,"0,06","2,2","3,62","0,06","123,87","8,41",ASSENTE,"36,88","24,60",23,0,0,243356,4680,,,,4167403,6600,538,0
Canovella de' Zoppoli - Duino-Aurisina,Pozza di marea,attiva,2019-09-23,2019,9,45.749116666666666,13.655783333333334,ASSENTE,"0,11",10,ONO,"0,14","1,4",4,"0,43","71,14","8,14",ASSENTE,"37,55","20,49",18,407,40,165037,20800,,,,15777,4680,1370,40
Canovella de' Zoppoli - Duino-Aurisina,Pozza di marea,attiva,2020-06-22,2020,6,45.749116666666666,13.655783333333334,ASSENTE,"0,71",2,O,"0,01","1,40","2,56","0,01",,"8,11",ASSENTE,"30,62","25,17",24,0,0,76,0,,,,0,0,648,0
Canovella de' Zoppoli - Duino-Aurisina,Pozza di marea,attiva,2020-07-06,2020,7,45.749116666666666,13.655783333333334,ASSENTE,"0,56",3,SO,"0,05","2,80","4,29","0,07","89,08","8,12",ASSENTE,"32,73","25,54",28,610,400,44,0,,,,0,0,698,0
Canovella de' Zoppoli - Duino-Aurisina,Pozza di marea,attiva,2020-07-20,2020,7,45.749116666666666,13.655783333333334,ASSENTE,"1,07",0,NO,"0,10","2,20","9,47","0,13","107,59","8,17",ASSENTE,"32,53","23,86",24,1225,0,156,0,,,,0,0,1955,0
Canovella de' Zoppoli - Duino-Aurisina,Pozza di marea,attiva,2020-08-03,2020,8,45.749116666666666,13.655783333333334,ASSENTE,"1,79",10,ONO,"1,59","3,60","5,45","0,16","87,72","8,13",ASSENTE,"36,24","25,62",26,886,240,166,0,,,,0,0,1218,560
Canovella de' Zoppoli - Duino-Aurisina,Pozza di marea,attiva,2020-08-24,2020,8,45.749116666666666,13.655783333333334,ASSENTE,"0,31",6,ENE,"0,11","9,40","1,41","0,09","106,37","8,13",ASSENTE,"36,12","25,90",26,0,0,494,0,,,,5271,920,439,0
Canovella de' Zoppoli - Duino-Aurisina,Pozza di marea,attiva,2020-09-07,2020,9,45.749116666666666,13.655783333333334,ASSENTE,"0,66",6,ENE,"0,21","10,00","0,10","0,17","130,64","8,28",ASSENTE,"35,59","25,59",25,0,0,10065,1320,,,,97763,13600,558,0
Canovella de' Zoppoli - Duino-Aurisina,Pozza di marea,attiva,2020-09-14,2020,9,45.749116666666666,13.655783333333334,ASSENTE,,0,E,,"5,80",,,"95,80","8,10",ASSENTE,"36,82","23,84",28,0,0,5095,800,,,,58829,30720,1994,0
Canovella de' Zoppoli - Duino-Aurisina,Pozza di marea,attiva,2020-09-21,2020,9,45.749116666666666,13.655783333333334,ASSENTE,"0,37",9,NNO,"0,11","1,40","0,10","0,10","96,58","7,99",ASSENTE,"37,76","21,80",23,225,0,675,80,,,,4013,1040,75,0
Canovella de' Zoppoli - Duino-Aurisina,Pozza di marea,attiva,2021-06-21,2021,6,45.749116666666666,13.655783333333334,ASSENTE,"1,12",0,NNO,"0,01","1,40","3,43","0,10","95,98","8,36",ASSENTE,"31,38","27,11",28,82,0,0,0,,,,0,0,27,0
Canovella de' Zoppoli - Duino-Aurisina,Pozza di marea,attiva,2021-07-05,2021,7,45.749116666666666,13.655783333333334,ASSENTE,"1,70",5,NNW,"0,09","3,30","6,24","0,20","102,54","8,35",ASSENTE,"31,26","28,70",26,0,40,744,40,,,,0,0,60,0
Canovella de' Zoppoli - Duino-Aurisina,Pozza di marea,attiva,2021-07-19,2021,7,45.749116666666666,13.655783333333334,ASSENTE,"0,01",4,N,"0,07","4,20","3,48","0,27","99,24","8,04",ASSENTE,"33,29","25,93",29,0,0,2640,120,,,,0,0,189,0
Canovella de' Zoppoli - Duino-Aurisina,Pozza di marea,attiva,2021-08-02,2021,8,45.749116666666666,13.655783333333334,ASSENTE,"0,19",5,E,"0,32","5,00","2,48","0,14","104,09","8,08",ASSENTE,"34,81","26,86",26,49,40,341,0,,,,0,0,390,0
Canovella de' Zoppoli - Duino-Aurisina,Pozza di marea,attiva,2021-08-23,2021,8,45.749116666666666,13.655783333333334,ASSENTE,"1,47",10,ENE,"0,30","17,22","5,41","0,25","74,20",,ASSENTE,"35,51","23,84",20,259,120,776,0,,,,0,0,0,0
Canovella de' Zoppoli - Duino-Aurisina,Pozza di marea,attiva,2021-09-06,2021,9,45.749116666666666,13.655783333333334,ASSENTE,"1,27",2,E,"0,23","4,10","8,48","0,20","106,35",,ASSENTE,"35,10","23,10",27,44554,2040,4019,0,,,,2737,0,2822,0
Canovella de' Zoppoli - Duino-Aurisina,Pozza di marea,attiva,2021-09-20,2021,9,45.749116666666666,13.655783333333334,ASSENTE,"0,99",9,ESE,"0,32","5,80","3,46","0,12","93,54",,ASSENTE,"36,24","21,26",19,1636,0,26169,160,,,,25760,640,14311,40
Canovella de' Zoppoli - Duino-Aurisina,Pozza di marea,attiva,2022-06-20,2022,6,45.749116666666666,13.655783333333334,ASSENTE,"1,05",0,NO,"0,36","3,10","4,14","0,16","122,59","8,26",ASSENTE,"37,25","25,20",24,1438,0,822,0,,,,0,0,308,0
Canovella de' Zoppoli - Duino-Aurisina,Pozza di marea,attiva,2022-07-25,2022,7,45.749116666666666,13.655783333333334,ASSENTE,"1,68",0,ENE,"0,13","4,20","4,53","0,17","101,43","8,11",ASSENTE,"37,54","25,90",31,1447,0,1757,0,,,,0,0,965,0
Canovella de' Zoppoli - Duino-Aurisina,Pozza di marea,attiva,2022-08-08,2022,8,45.749116666666666,13.655783333333334,ASSENTE,"1,04",3,ENE,"0,12","8,30","2,14","0,09","109,51","8,31",ASSENTE,"37,54","25,72",27,848,160,7473,0,,,,11701,320,890,40
Canovella de' Zoppoli - Duino-Aurisina,Pozza di marea,attiva,2022-08-22,2022,8,45.749116666666666,13.655783333333334,ASSENTE,"0,54",3,WNW,"0,06","1,00","1,26","<0,01",,,ASSENTE,,"24,10",24,2897,0,8836,1360,,,,65183,7560,579,0
Canovella de' Zoppoli - Duino-Aurisina,Pozza di marea,attiva,2022-08-29,2022,8,45.749116666666666,13.655783333333334,ASSENTE,"1,37",4,E,"0,20","4,40","1,01","0,10",,"8,12",ASSENTE,"37,98","24,94",25,1600,0,3200,80,,,,25571,2320,0,120
Canovella de' Zoppoli - Duino-Aurisina,Pozza di marea,attiva,2022-09-05,2022,9,45.749116666666666,13.655783333333334,ASSENTE,"0,97",4,WNW,"0,13","2,50","1,78","0,38","146,05","8,29",ASSENTE,"36,54","25,39",24,0,1680,15563,160,,,,114486,6960,0,0
Canovella de' Zoppoli - Duino-Aurisina,Pozza di marea,attiva,2022-09-19,2022,9,45.749116666666666,13.655783333333334,ASSENTE,,2,S,,"2,20",,,"95,95","8,14",ASSENTE,"36,47","22,26",20,0,0,6960,0,,,,42920,1320,0,0
Canovella de' Zoppoli - Duino-Aurisina,Pozza di marea,attiva,2023-06-19,2023,6,45.749116666666666,13.655783333333334,ASSENTE,"2,06",4,NW,"0,08","1,40","2,79","0,29","101,46","8,03",ASSENTE,"37,41","22,80",22,0,0,0,0,,,,0,0,0,0
Canovella de' Zoppoli - Duino-Aurisina,Pozza di marea,attiva,2023-07-24,2023,7,45.749116666666666,13.655783333333334,ASSENTE,"0,97",8,NW,"0,13","2,80","2,52","0,18","124,40","8,14",ASSENTE,"36,82","26,85",27,81,0,356,0,,,,0,0,2057,320
Canovella de' Zoppoli - Duino-Aurisina,Pozza di marea,attiva,2023-08-07,2023,8,45.749116666666666,13.655783333333334,ASSENTE,"2,26",1,NW,"0,14","2,20","2,56","0,34","101,51","8,12",ASSENTE,"35,97","25,06",22,9,160,230,40,,,,0,0,158,120
Canovella de' Zoppoli - Duino-Aurisina,Pozza di marea,attiva,2023-08-21,2023,8,45.749116666666666,13.655783333333334,ASSENTE,"1,99",0,ENE,"0,20","4,70","2,23","0,18","89,11","8,10",ASSENTE,"36,78","26,84",31,667,0,5732,5520,,,,55057,51960,1200,0
Canovella de' Zoppoli - Duino-Aurisina,Pozza di marea,attiva,2023-08-24,2023,8,45.749116666666666,13.655783333333334,,,,,,,,,,,,,,,,,,,,,,,47080,,
Canovella de' Zoppoli - Duino-Aurisina,Pozza di marea,attiva,2023-08-27,2023,8,45.749116666666666,13.655783333333334,,,,,,,,,,,,,,,,,,,,,,,1680,,
Canovella de' Zoppoli - Duino-Aurisina,Pozza di marea,attiva,2023-09-04,2023,9,45.749116666666666,13.655783333333334,ASSENTE,"0,88",3,ENE,"0,07","10,00","3,17","0,29","106,47","7,93",ASSENTE,"34,91","24,07",25,268,320,453,80,,,,3505,1640,0,0
Canovella de' Zoppoli - Duino-Aurisina,Pozza di marea,attiva,2023-09-18,2023,9,45.749116666666666,13.655783333333334,ASSENTE,"1,33",10,S,"0,09","1,10","0,98","0,27","94,34","8,08",ASSENTE,"37,50","23,69",24,3274,0,715,280,,,,5228,440,688,0
Canovella de' Zoppoli - Duino-Aurisina,Pozza di marea,attiva,2024-06-24,2024,6,45.749116666666666,13.655783333333334,ASSENTE,"1,50",7,ENE,"<0,01","16,70","3,5","0,17","90,94","8,34",ASSENTE,"31,23","23,89",24,0,0,76,0,,,,0,0,33,0
Canovella de' Zoppoli - Duino-Aurisina,Pozza di marea,attiva,2024-07-22,2024,7,45.749116666666666,13.655783333333334,ASSENTE,"1,14",4,WSW,"<0,01","1,00","<1,43","0,08","102,38","8,33",ASSENTE,"34,61","26,31",26,0,0,188,0,,,,0,0,362,0
Canovella de' Zoppoli - Duino-Aurisina,Pozza di marea,attiva,2024-08-05,2024,8,45.749116666666666,13.655783333333334,ASSENTE,"2,57",6,NW,"<0,01","1,6","3,64","0,25","84,60","8,25",ASSENTE,"36,88","26,54","28,0",346,0,1262,120,,,,0,0,668,0
Canovella de' Zoppoli - Duino-Aurisina,Pozza di marea,attiva,2024-08-19,2024,8,45.749116666666666,13.655783333333334,ASSENTE,"4,07",10,ENE,"<0,01","0,6","5,43","0,16","83,51","8,28",ASSENTE,"35,67","28,46","25,2",507,0,574,0,,,,169,0,118,0
Canovella de' Zoppoli - Duino-Aurisina,Pozza di marea,attiva,2024-09-02,2024,9,45.749116666666666,13.655783333333334,ASSENTE,"0,57",5,WNW,"<0,01","2,5","<1,43","<0,06","82,57","8,34",ASSENTE,"35,39","27,99","29,0",478,0,1837,0,,,,403619,640,421,40
Canovella de' Zoppoli - Duino-Aurisina,Pozza di marea,attiva,2024-09-16,2024,9,45.749116666666666,13.655783333333334,ASSENTE,"2,21",8,SW,"1,9","1,4","3,36","0,1","91,56","8,38",ASSENTE,"34,39","22,60","18,9",0,0,0,0,,,,319,480,0,0
Duino - Aurisina,Diga porto di Duino,dismessa,2009-06-04,2009,6,45.77333333333333,13.598466666666669,ASSENTE,"2,04",4,SSE,"0,09","3,5","3,20","0,07","100,10",,ASSENTE,"35,67","18,62","25,0",,,,,,,,,,,
Duino - Aurisina,Diga porto di Duino,dismessa,2009-06-06,2009,6,45.77333333333333,13.598466666666669,,,,,,,,,,,,,,,,,180,,,,,0,,1350,
Duino - Aurisina,Diga porto di Duino,dismessa,2009-06-25,2009,6,45.77333333333333,13.598466666666669,ASSENTE,"3,37",7,ASSENTE,"0,18","0,0","30,13","0,23","106,65",,ASSENTE,"32,83","21,77","21,0",,,332,,,,,0,0,44,
Duino - Aurisina,Diga porto di Duino,dismessa,2009-07-03,2009,7,45.77333333333333,13.598466666666669,ASSENTE,"1,21",10,ASSENTE,"0,16","0,00","12,83","0,20","96,75",,ASSENTE,"31,85","23,34","25,2",,,1639,,,,,22,0,0,
Duino - Aurisina,Diga porto di Duino,dismessa,2009-07-28,2009,7,45.77333333333333,13.598466666666669,ASSENTE,"6,00",0,ASSENTE,"0,09","0,0","11,40","0,14","106,90",,ASSENTE,"30,46","26,31","29,0",,,462,,,,,0,,252,
Duino - Aurisina,Diga porto di Duino,dismessa,2009-08-11,2009,8,45.77333333333333,13.598466666666669,ASSENTE,"1,20",1,ASSENTE,"0,25","0,0","11,28","0,17","104,95",,ASSENTE,"32,66","25,36","23,0",,,278,,,,,0,,0,
Duino - Aurisina,Diga porto di Duino,dismessa,2009-08-25,2009,8,45.77333333333333,13.598466666666669,ASSENTE,"0,90",0,ONO,"0,15","4,0","2,93","0,16","112,95",,ASSENTE,"30,01","25,12","28,8",,,33,,,,,167,,0,
Duino - Aurisina,Diga porto di Duino,dismessa,2020-09-14,2020,9,45.77333333333333,13.598466666666669,,,,,,,,,,,,,,,0,0,893,0,,,,26417,40,0,0
Filtri - Duino-Aurisina,Diga porticciolo,dismessa,2010-05-27,2010,5,45.74101666666667,13.668983333333331,ASSENTE,"3,96",0,O,"0,19","0,5","21,11","0,31","110,00","8,06",ASSENTE,"24,20","21,88","26,8",0,0,212,0,,,,0,0,0,71
Filtri - Duino-Aurisina,Diga porticciolo,dismessa,2010-06-29,2010,6,45.74101666666667,13.668983333333331,ASSENTE,,1,ASSENTE,,"0,0",,,"118,40","8,20",ASSENTE,"27,10","24,45","28,8",0,0,85,0,,,,0,0,170,0
Filtri - Duino-Aurisina,Diga porticciolo,dismessa,2010-07-21,2010,7,45.74101666666667,13.668983333333331,ASSENTE,"1,26",0,ASSENTE,"0,01","0,0","2,01","0,15","108,70","8,10",ASSENTE,"36,50","19,74","27,2",0,0,0,105,,,,0,0,53,240
Filtri - Duino-Aurisina,Diga porticciolo,dismessa,2010-08-18,2010,8,45.74101666666667,13.668983333333331,ASSENTE,"0,81",9,ASSENTE,"0,01",0,"2,03","0,07","70,00","8,16",ASSENTE,"33,70","24,06",28,0,0,84,0,,,,0,0,0,0
Filtri - Duino-Aurisina,Diga porticciolo,dismessa,2010-09-15,2010,9,45.74101666666667,13.668983333333331,ASSENTE,"0,99",3,ASSENTE,"0,01",0,"3,40","0,08","81,50","8,30",ASSENTE,"32,40","20,95","23,2",0,0,1094,0,60,0,200,122,0,547,0
Filtri - Duino-Aurisina,Diga porticciolo,dismessa,2011-05-17,2011,5,45.74101666666667,13.668983333333331,ASSENTE,"1,20",10,O,"0,03","2,0","1,00","0,07","93,8","8,15",ASSENTE,"36,49","14,91","16,0",0,0,0,0,,,,0,0,0,0
Filtri - Duino-Aurisina,Diga porticciolo,dismessa,2011-06-17,2011,6,45.74101666666667,13.668983333333331,ASSENTE,"1,03",3,ASSENTE,"0,01","0,0","3,14","0,05","99,4","8,18",ASSENTE,"34,21","22,84","28,0",0,0,1920,0,,,,0,0,0,0
Filtri - Duino-Aurisina,Diga porticciolo,dismessa,2011-07-13,2011,7,45.74101666666667,13.668983333333331,ASSENTE,"1,22",1,ASSENTE,"0,08","0,0","5,06","0,15","96,0","8,18",ASSENTE,"34,89","25,21","28,6",0,0,116,800,,,,0,0,212,400
Filtri - Duino-Aurisina,Diga porticciolo,dismessa,2011-08-11,2011,8,45.74101666666667,13.668983333333331,ASSENTE,"1,91",1,ASSENTE,"0,07",0,"3,09","0,17","93,9","8,15",ASSENTE,"35,00","24,04","30,7",0,0,4684,0,,,,0,0,1977,0
Filtri - Duino-Aurisina,Diga porticciolo,dismessa,2011-09-15,2011,9,45.74101666666667,13.668983333333331,ASSENTE,"0,85",0,SE,"0,01","3,5","0,19","0,05","102,3","8,15",ASSENTE,"35,97","24,89","28,7",0,0,1484,0,,,,976,0,234,0
Grado,Spiaggia - Lido del Carabiniere,dismessa,2010-05-26,2010,5,45.6865,13.4451,ASSENTE,"2,34",7,S,"0,04","7,4","5,27","0,29","108,00","8,06",ASSENTE,"30,60","24,2","24,8",365,0,0,0,,,,0,0,0,73
Grado,Spiaggia - Lido del Carabiniere,dismessa,2010-06-30,2010,6,45.6865,13.4451,ASSENTE,"2,35",1,SO,"0,03","5,0","8,17","0,34","143,00","8,43",ASSENTE,"26,70","29,70","33,0",0,0,59,0,,,,0,0,0,0
Grado,Spiaggia - Lido del Carabiniere,dismessa,2010-07-22,2010,7,45.6865,13.4451,ASSENTE,"1,33",0,SSO,"0,01","2,1","6,77","0,31","147,00","8,50",ASSENTE,"30,50","33,09","30,2",0,0,0,0,,,,0,0,35,0
Grado,Spiaggia - Lido del Carabiniere,dismessa,2010-08-19,2010,8,45.6865,13.4451,ASSENTE,"1,14",3,S,"0,01",6,"0,60","0,11","110,10","8,32",ASSENTE,"30,40","28,42","26,8",443,0,0,0,,,,0,0,0,0
Grado,Spiaggia - Lido del Carabiniere,dismessa,2010-09-16,2010,9,45.6865,13.4451,"0,50","1,08",8,SO,"0,03","5,8","0,45","0,22","88,60","8,30",SSE,"24,00","22,60","23,8",0,0,0,0,0,0,0,0,0,52,0
Grado,Spiaggia - Lido del Carabiniere,dismessa,2011-05-19,2010,5,45.6865,13.4451,,,,,,,,,,,,,,,0,0,0,0,,,,0,0,0,0
Grado,Spiaggia - Lido del Carabiniere,dismessa,2011-05-19,2011,5,45.6865,13.4451,ASSENTE,"3,55",2,SSO,"0,02","5,5","6,09","0,28","99,8","8,16",ASSENTE,"30,93","24,78","24,8",,,,,,,,,,,
Grado,Spiaggia - Lido del Carabiniere,dismessa,2011-06-14,2010,6,45.6865,13.4451,,,,,,,,,,,,,,,0,0,184,0,,,,0,0,0,0
Grado,Spiaggia - Lido del Carabiniere,dismessa,2011-06-14,2011,6,45.6865,13.4451,ASSENTE,"0,69",5,SE,"0,01","4,5","0,56","0,16","99,2","8,11",ASSENTE,"30,27","24,72","27,2",,,,,,,,,,,
Grado,Spiaggia - Lido del Carabiniere,dismessa,2011-07-14,2010,7,45.6865,13.4451,,,,,,,,,,,,,,,0,0,2587,0,,,,0,0,370,0
Grado,Spiaggia - Lido del Carabiniere,dismessa,2011-07-14,2011,7,45.6865,13.4451,ASSENTE,"0,68",3,S,"0,01",3,"0,44","0,12","95,2","8,21",ASSENTE,"32,32","29,47","30,2",,,,,,,,,,,
Grado,Spiaggia - Lido del Carabiniere,dismessa,2011-08-10,2010,8,45.6865,13.4451,,,,,,,,,,,,,,,0,0,0,0,,,,0,0,0,0
Grado,Spiaggia - Lido del Carabiniere,dismessa,2011-08-10,2011,8,45.6865,13.4451,ASSENTE,"1,71",1,E,"0,01",5,"3,05","0,25","94,2","7,78",ASSENTE,"29,54","23,38","30,5",,,,,,,,,,,
Grado,Spiaggia - Lido del Carabiniere,dismessa,2011-09-13,2010,9,45.6865,13.4451,,,,,,,,,,,,,,,25755,18000,48,24640,,,,0,240,266,440
Grado,Spiaggia - Lido del Carabiniere,dismessa,2011-09-13,2011,9,45.6865,13.4451,ASSENTE,"1,12",0,ASSENTE,"0,05",0,"0,61","0,15","87,9","8,09",ASSENTE,"34,34","26,34","32,2",,,,,,,,,,,
Grado - Morgo,Spiaggia,dismessa,2009-06-03,2009,6,45.69801666666667,13.32265,ASSENTE,"3,04",6,S,"0,09","6,5","27,54","0,64","99,05",,ASSENTE,"29,01","24,47","19,5",,,,,,,,,,,
Grado - Morgo,Spiaggia,dismessa,2009-06-06,2009,6,45.69801666666667,13.32265,,,,,,,,,,,,,,,,,1500,,,,,0,,0,
Grado - Morgo,Spiaggia,dismessa,2009-06-25,2009,6,45.69801666666667,13.32265,ASSENTE,"2,65",7,SSE,"0,05","4,0","28,57","0,70","117,40",,ASSENTE,"27,84","22,40","23,2",,,775,,,,,55,0,55,
Grado - Morgo,Spiaggia,dismessa,2009-07-03,2009,7,45.69801666666667,13.32265,ASSENTE,"2,42",2,OSO,"0,13","4,0","32,84","0,83","100,10",,ASSENTE,"27,01","27,52","30,8",,,,,,,,,,,
Grado - Morgo,Spiaggia,dismessa,2009-07-28,2009,7,45.69801666666667,13.32265,ASSENTE,"1,48",0,E,"0,01","1,0","18,59","0,51","109,50",,ASSENTE,"30,87","26,21","29,0",,,,,,,,,,,
Grado - Morgo,Spiaggia,dismessa,2009-08-11,2009,8,45.69801666666667,13.32265,ASSENTE,"3,80",1,SSO,"0,07","4,0","18,87","0,40","93,00",,ASSENTE,"30,49","28,28","28,0",,,,,,,,,,,
Grado - Morgo,Spiaggia,dismessa,2009-08-25,2009,8,45.69801666666667,13.32265,ASSENTE,"2,80",0,NNE,"0,09","5,0","12,99","0,47","105,60",,ASSENTE,"32,37","25,18","26,0",,,,,,,,,,,
Grignano - Trieste,Diga porto,dismessa,2009-06-04,2009,6,45.7051,13.710883333333332,ASSENTE,"1,37",10,E,"0,07","11,0","1,32","0,04","110,50",,ASSENTE,"36,81","18,34","25,4",,,,,,,,,,,
Grignano - Trieste,Diga porto,dismessa,2009-06-06,2009,6,45.7051,13.710883333333332,,,,,,,,,,,,,,,,,60,,,,,0,,224,
Grignano - Trieste,Diga porto,dismessa,2009-06-25,2009,6,45.7051,13.710883333333332,ASSENTE,"1,70",7,ASSENTE,"0,01","0,0","5,26","0,10","108,65",,ASSENTE,"33,99","21,88","23,8",,,2515,,,,,0,0,786,
Grignano - Trieste,Diga porto,dismessa,2009-07-03,2009,7,45.7051,13.710883333333332,ASSENTE,"0,74",7,ASSENTE,"0,01","0,0","6,77","0,17","99,50",,ASSENTE,"32,95","23,30","25,0",,,1136,,,,,0,0,142,
Grignano - Trieste,Diga porto,dismessa,2009-07-28,2009,7,45.7051,13.710883333333332,ASSENTE,"0,79",2,ASSENTE,"0,10","0,0","2,74","0,12","117,90",,ASSENTE,"35,46","25,70","30,0",,,593,,,,,85,,339,
Grignano - Trieste,Diga porto,dismessa,2009-08-11,2009,8,45.7051,13.710883333333332,ASSENTE,"0,50",3,ASSENTE,"0,09","0,0","2,47","0,08","89,50",,ASSENTE,"35,01","25,36","24,4",,,274,,,,,0,,91,
Grignano - Trieste,Diga porto,dismessa,2009-08-25,2009,8,45.7051,13.710883333333332,ASSENTE,"2,30",0,ONO,"0,06","4,0","34,82","0,27","112,25",,ASSENTE,"36,86","23,75","28,0",,,109,,,,,763,,218,
Grignano - Trieste,Diga porto,dismessa,2020-09-14,2020,9,45.7051,13.710883333333332,,,,,,,,,,,,,,,0,0,0,0,,,,37462,160,0,0
Lignano Sabbiadoro,Spiaggia,dismessa,2009-07-03,2009,7,45.66175,13.10955,,,,,,,,,,,,,,,,,0,,,,,0,0,0,
Lignano Sabbiadoro,Spiaggia,dismessa,2009-07-28,2009,7,45.66175,13.10955,,,,,,,,,,,,,,,,,0,,,,,0,,0,
Lignano Sabbiadoro,Spiaggia,dismessa,2009-08-11,2009,8,45.66175,13.10955,,,,,,,,,,,,,,,,,0,,,,,0,,0,
Lignano Sabbiadoro,Spiaggia,dismessa,2009-08-25,2009,8,45.66175,13.10955,,,,,,,,,,,,,,,,,0,,,,,0,,0,
Lignano Sabbiadoro,Spiaggia,dismessa,2010-05-26,2010,5,45.66175,13.10955,,,,,,,,,,,,,,,0,0,0,0,,,,0,0,0,0
Lignano Sabbiadoro,Spiaggia,dismessa,2010-05-31,2010,5,45.66175,13.10955,"0,50","3,32",10,ESE,"0,02","10,0","21,53","0,48","92,80",,ESE,"26,90","20,43","18,8",,,,,,,,,,,
Lignano Sabbiadoro,Spiaggia,dismessa,2010-06-30,2010,6,45.66175,13.10955,ASSENTE,"2,03",2,ENE,"0,10","1,9","22,00","0,51","104,40","8,21",ASSENTE,"27,90","26,11","29,2",0,0,1019,0,,,,0,0,0,0
Lignano Sabbiadoro,Spiaggia,dismessa,2010-07-22,2010,7,45.66175,13.10955,ASSENTE,"1,82",0,SE,"0,01",1,"20,81","3,43","116,90","8,26",ASSENTE,"26,50","27,40","28,4",0,0,0,0,,,,0,0,145,0
Lignano Sabbiadoro,Spiaggia,dismessa,2010-08-19,2010,8,45.66175,13.10955,ASSENTE,"1,55",2,SSE,"0,01","2,5","12,52","0,24","80,70","8,11",ASSENTE,"27,10","24,84",22,0,0,0,0,,,,0,0,0,0
Lignano Sabbiadoro,Spiaggia,dismessa,2010-09-16,2010,9,45.66175,13.10955,ASSENTE,"3,10",8,SSE,"0,01","4,5","12,63","0,31","89,60",,ASSENTE,"27,90","21,93",25,0,0,0,0,0,0,0,0,0,0,0
Lignano Sabbiadoro,Spiaggia,dismessa,2011-05-19,2010,5,45.66175,13.10955,,,,,,,,,,,,,,,0,0,0,0,,,,0,0,0,0
Lignano Sabbiadoro,Spiaggia,dismessa,2011-05-19,2011,5,45.66175,13.10955,ASSENTE,"2,41",0,SE,"0,01","2,8","35,40","0,80","100,5","8,10",ASSENTE,"28,18","20,64","22,4",,,,,,,,,,,
Lignano Sabbiadoro,Spiaggia,dismessa,2011-06-14,2010,6,45.66175,13.10955,,,,,,,,,,,,,,,0,0,0,0,,,,0,0,0,0
Lignano Sabbiadoro,Spiaggia,dismessa,2011-06-14,2011,6,45.66175,13.10955,ASSENTE,"2,78",2,SSE,"0,10","1,3","25,93","0,83","95,7","8,12",ASSENTE,"29,76","25,63","28,0",,,,,,,,,,,
Lignano Sabbiadoro,Spiaggia,dismessa,2011-07-14,2010,7,45.66175,13.10955,,,,,,,,,,,,,,,0,0,0,0,,,,0,0,0,0
Lignano Sabbiadoro,Spiaggia,dismessa,2011-07-14,2011,7,45.66175,13.10955,ASSENTE,"1,88",2,SSE,"0,03",4,"5,57","0,21","105,4",,ASSENTE,"33,09","28,61",30,,,,,,,,,,,
Lignano Sabbiadoro,Spiaggia,dismessa,2011-08-10,2010,8,45.66175,13.10955,,,,,,,,,,,,,,,0,0,0,0,,,,0,0,0,0
Lignano Sabbiadoro,Spiaggia,dismessa,2011-08-10,2011,8,45.66175,13.10955,ASSENTE,"3,38",1,SSE,"0,01","1,3","17,13","0,74","94,1","8,18",ASSENTE,"29,83","25,91","27,5",,,,,,,,,,,
Lignano Sabbiadoro,Spiaggia,dismessa,2011-09-13,2010,9,45.66175,13.10955,,,,,,,,,,,,,,,0,0,0,80,,,,0,0,0,0
Lignano Sabbiadoro,Spiaggia,dismessa,2011-09-13,2011,9,45.66175,13.10955,ASSENTE,"3,61",1,SE,"0,03",4,"15,36","0,63","116,1","8,16",ASSENTE,"30,89","26,86",32,,,,,,,,,,,
Marina Nova - Monfalcone,Spiaggia Camping - Isola Panzano Lido,dismessa,2010-05-26,2010,5,45.78403333333333,13.545166666666669,ASSENTE,"1,37",4,S,"0,02","5,6","50,29","0,57","116,80","7,98",ASSENTE,"16,80","19,85","20,8",0,0,0,0,,,,0,0,0,0
Marina Nova - Monfalcone,Spiaggia Camping - Isola Panzano Lido,dismessa,2010-06-29,2010,6,45.78403333333333,13.545166666666669,ASSENTE,"2,17",3,OSO,"0,12","4,0","17,25","0,37","188,00","8,45",ASSENTE,"26,10","26,86","31,6",0,0,0,0,,,,0,0,0,0
Marina Nova - Monfalcone,Spiaggia Camping - Isola Panzano Lido,dismessa,2010-07-21,2010,7,45.78403333333333,13.545166666666669,ASSENTE,"1,98",1,SE,"0,01","2,8","37,90","1,15","169,30","8,47",ASSENTE,"19,60","27,49",33,0,0,0,0,,,,0,0,97,280
Marina Nova - Monfalcone,Spiaggia Camping - Isola Panzano Lido,dismessa,2010-08-18,2010,8,45.78403333333333,13.545166666666669,ASSENTE,"0,75",2,SSE,"0,01",5,"41,62","0,48","138,50","8,32",ASSENTE,"18,60","24,72","25,9",0,0,0,0,,,,0,0,16,0
Marina Nova - Monfalcone,Spiaggia Camping - Isola Panzano Lido,dismessa,2010-09-15,2010,9,45.78403333333333,13.545166666666669,ASSENTE,"0,81",3,SE,"0,01","2,2","63,54","0,34","108,70","8,35",ASSENTE,"21,50","22,16",25,0,0,0,0,40,0,0,0,0,0,80
Marina Nova - Monfalcone,Spiaggia Camping - Isola Panzano Lido,dismessa,2011-05-17,2010,5,45.78403333333333,13.545166666666669,,,,,,,,,,,,,,,0,0,0,0,,,,0,0,0,0
Marina Nova - Monfalcone,Spiaggia Camping - Isola Panzano Lido,dismessa,2011-05-17,2011,5,45.78403333333333,13.545166666666669,ASSENTE,"2,02",3,SO,"0,02","2,1","18,06","0,26","127,1","8,16",ASSENTE,"27,93","19,72","27,0",,,,,,,,,,,
Marina Nova - Monfalcone,Spiaggia Camping - Isola Panzano Lido,dismessa,2011-06-17,2010,6,45.78403333333333,13.545166666666669,,,,,,,,,,,,,,,0,0,32,0,,,,0,0,32,0
Marina Nova - Monfalcone,Spiaggia Camping - Isola Panzano Lido,dismessa,2011-06-17,2011,6,45.78403333333333,13.545166666666669,ASSENTE,"1,46",9,ASSENTE,"0,01","0,0","37,46","0,36","132,8","8,23",ASSENTE,"23,43","24,55","24,5",,,,,,,,,,,
Marina Nova - Monfalcone,Spiaggia Camping - Isola Panzano Lido,dismessa,2011-07-13,2010,7,45.78403333333333,13.545166666666669,,,,,,,,,,,,,,,0,0,358,400,,,,0,0,179,0
Marina Nova - Monfalcone,Spiaggia Camping - Isola Panzano Lido,dismessa,2011-07-13,2011,7,45.78403333333333,13.545166666666669,ASSENTE,"2,99",5,SSO,"0,02","1,6","44,76","0,59","142,6","8,18",ASSENTE,"21,64","29,62","32,5",,,,,,,,,,,
Marina Nova - Monfalcone,Spiaggia Camping - Isola Panzano Lido,dismessa,2011-08-11,2010,8,45.78403333333333,13.545166666666669,,,,,,,,,,,,,,,0,0,0,0,,,,0,0,0,0
Marina Nova - Monfalcone,Spiaggia Camping - Isola Panzano Lido,dismessa,2011-08-11,2011,8,45.78403333333333,13.545166666666669,ASSENTE,"2,19",1,S,"0,01","1,6","10,99","0,41","104,5","7,99",ASSENTE,"29,47","23,53","22,9",,,,,,,,,,,
Marina Nova - Monfalcone,Spiaggia Camping - Isola Panzano Lido,dismessa,2011-09-15,2010,9,45.78403333333333,13.545166666666669,,,,,,,,,,,,,,,0,0,0,0,,,,0,0,0,1600
Marina Nova - Monfalcone,Spiaggia Camping - Isola Panzano Lido,dismessa,2011-09-15,2011,9,45.78403333333333,13.545166666666669,"0,50","1,29",0,ESE,"0,01",10,"9,79","0,35","113,4","8,19",ESE,"28,83","23,81","25,9",,,,,,,,,,,
Punta Sottile - Muggia,Terrazza mare,attiva,2009-06-04,2009,6,45.60555,13.72195,ASSENTE,"1,09",10,E,"0,01","5,0","1,31","0,05","110,50",,ASSENTE,"36,60","19,06","24,8",,,,,,,,,,,
Punta Sottile - Muggia,Terrazza mare,attiva,2009-06-06,2009,6,45.60555,13.72195,,,,,,,,,,,,,,,,,46,,,,,0,,551,
Punta Sottile - Muggia,Terrazza mare,attiva,2009-06-25,2009,6,45.60555,13.72195,ASSENTE,"2,15",8,ONO,"0,01","3,0","4,29","0,16","115,55",,ASSENTE,"34,46","21,81","23,0",,,0,,,,,0,0,426,
Punta Sottile - Muggia,Terrazza mare,attiva,2009-07-03,2009,7,45.60555,13.72195,ASSENTE,"1,02",2,ONO,"0,07","2,0","3,52","0,20","108,50",,ASSENTE,"35,18","22,20","27,0",,,923,,,,,0,0,692,
Punta Sottile - Muggia,Terrazza mare,attiva,2009-07-28,2009,7,45.60555,13.72195,ASSENTE,"0,69",1,NO,"0,05","3,0","1,12","0,10","116,30",,ASSENTE,"35,28","26,26","28,2",,,460,,,,,0,,153,
Punta Sottile - Muggia,Terrazza mare,attiva,2009-08-11,2009,8,45.60555,13.72195,ASSENTE,"1,00",8,ASSENTE,"0,06","0,0","1,19","0,09","94,60",,ASSENTE,"35,58","26,00","25,2",,,271,,,,,54,,163,
Punta Sottile - Muggia,Terrazza mare,attiva,2009-08-25,2009,8,45.60555,13.72195,ASSENTE,"0,10",0,ONO,"0,09","5,0","0,67","0,05","106,40",,ASSENTE,"37,24","23,19","26,2",,,123,,,,,31,,277,
Punta Sottile - Muggia,Terrazza mare,attiva,2010-06-28,2010,6,45.60555,13.72195,ASSENTE,"5,08",1,O,"0,07","3,6","7,02","0,23","120,50","8,26",ASSENTE,"31,00","25,68","29,2",0,0,0,0,,,,0,0,72,0
Punta Sottile - Muggia,Terrazza mare,attiva,2010-07-20,2010,7,45.60555,13.72195,ASSENTE,"2,15",3,NNO,"0,03","2,8","1,35","0,12","106,10","8,03",ASSENTE,"36,80","18,80","28,8",0,0,245,0,,,,82,0,245,80
Punta Sottile - Muggia,Terrazza mare,attiva,2010-08-17,2010,8,45.60555,13.72195,ASSENTE,"0,78",4,ONO,"0,01","4,5","0,46","0,02","96,10","8,25",ASSENTE,"34,50","24,58","28,2",0,0,530,0,,,,114,0,226,0
Punta Sottile - Muggia,Terrazza mare,attiva,2010-09-14,2010,9,45.60555,13.72195,ASSENTE,"1,88",1,ENE,"0,02",5,"1,90","0,16","102,00","8,23",ASSENTE,"35,40","20,64","25,8",0,0,319,20,20,80,180,0,0,996,40
Punta Sottile - Muggia,Terrazza mare,attiva,2011-05-18,2011,5,45.60555,13.72195,ASSENTE,"1,64",1,ESE,"0,04","4,0","1,09","0,07","113,7","8,20",ASSENTE,"36,57","17,54","26,8",0,0,620,2000,,,,0,0,129,0
Punta Sottile - Muggia,Terrazza mare,attiva,2011-06-15,2011,6,45.60555,13.72195,ASSENTE,"1,06",3,O,"0,01","3,0","0,55","0,07","102,3","8,12",ASSENTE,"36,59","21,73","26,2",0,0,2533,2400,,,,0,0,2873,400
Punta Sottile - Muggia,Terrazza mare,attiva,2011-07-15,2011,7,45.60555,13.72195,ASSENTE,"0,79",9,NNE,"0,05","3,5","0,73","0,11","100,5","8,22",ASSENTE,"35,45","26,60","27,8",0,0,15875,10000,,,,0,0,5427,4800
Punta Sottile - Muggia,Terrazza mare,attiva,2011-08-09,2011,8,45.60555,13.72195,"0,5","0,84",10,ENE,"0,02",10,"0,64","0,09","103,9","8,15",ENE,"35,33","24,06","24,3",0,0,137,0,,,,0,0,581,3200
Punta Sottile - Muggia,Terrazza mare,attiva,2011-09-14,2011,9,45.60555,13.72195,ASSENTE,"0,81",1,ONO,"0,03","2,3","0,56","0,07","129,6","8,20",ASSENTE,"35,94","26,77","28,8",0,0,306619,420,,,,299774,280,1274,40
Punta Sottile - Muggia,Terrazza mare,attiva,2011-09-21,2011,9,45.60555,13.72195,ASSENTE,,0,ENE,,5,,,,,ASSENTE,,,23,0,0,15099,0,,,,6361,240,874,0
Punta Sottile - Muggia,Terrazza mare,attiva,2012-05-24,2012,5,45.60555,13.72195,"0,50","0,76",8,SE,"0,01","2,0","3,25","0,06","114,93","7,96",SE,"36,501","18,788","28,5",0,0,13371,440,,,,0,0,1029,0
Punta Sottile - Muggia,Terrazza mare,attiva,2012-06-21,2012,6,45.60555,13.72195,ASSENTE,"1,19",0,ASSENTE,"0,02",ASSENTE,"3,49","0,11","101,74","8,09",ASSENTE,"33,779","27,940","37,0",0,0,459,0,,,,46,0,184,0
Punta Sottile - Muggia,Terrazza mare,attiva,2012-07-11,2012,7,45.60555,13.72195,ASSENTE,"0,71",3,NO,"0,02","2,0","1,11","0,10","101,74","8,10",ASSENTE,"35,311","28,573","31,0",0,0,238,0,,,,0,40,40,0
Punta Sottile - Muggia,Terrazza mare,attiva,2012-08-09,2012,8,45.60555,13.72195,ASSENTE,"0,41",5,NE,"0,01","9,0","0,79","0,02","91,44","8,15",ASSENTE,"37,176","25,678","32,0",0,0,7728,0,,,,0,0,552,0
Punta Sottile - Muggia,Terrazza mare,attiva,2012-09-13,2012,9,45.60555,13.72195,"0,50","0,83",10,NE,"0,01","8,5","1,09","0,02","88,72","7,88",NE,"37,019","22,330","15,6",0,0,4427,40,,,,3695,40,68,40
Punta Sottile - Muggia,Terrazza mare,attiva,2013-05-13,2013,5,45.60555,13.72195,ASSENTE,"0,78",3,O,"0,07","3,5","0,67","0,10","110,54","8,25",ASSENTE,"36,45","19,14","19,4",0,0,109,0,,,,0,0,72,200
Punta Sottile - Muggia,Terrazza mare,attiva,2013-06-17,2013,6,45.60555,13.72195,ASSENTE,"2,10",0,ASSENTE,"0,05",ASSENTE,"5,09","0,19","114,02","8,23",ASSENTE,"32,67","26,35","33,8",0,0,4445,440,,,,0,0,1881,80
Punta Sottile - Muggia,Terrazza mare,attiva,2013-07-15,2013,7,45.60555,13.72195,ASSENTE,"1,10",6,ASSENTE,"0,02",ASSENTE,"0,71","0,05","103,87","8,21",ASSENTE,"35,83","26,18","31,8",0,0,2444,0,,,,0,0,415,0
Punta Sottile - Muggia,Terrazza mare,attiva,2013-08-19,2013,8,45.60555,13.72195,ASSENTE,"3,65",3,ASSENTE,"0,05",ASSENTE,"1,60","0,20","98,73","8,16",ASSENTE,"36,73","24,27","27,6",0,0,498,0,,,,0,0,311,0
Punta Sottile - Muggia,Terrazza mare,attiva,2013-09-16,2013,9,45.60555,13.72195,ASSENTE,"2,14",6,ONO,"0,06","2,7","1,13","0,10","103,68","8,18",ASSENTE,"35,92","23,62","24,3",397,0,492,20,,,,1846,40,260,0
Punta Sottile - Muggia,Terrazza mare,attiva,2014-05-12,2014,5,45.60555,13.72195,ASSENTE,"0,24",5,NNE,"0,06","1,0","12,6","0,38","95,45","7,74",ASSENTE,"30,25","19,18","17,6",0,0,480,0,,,,0,0,151,13
Punta Sottile - Muggia,Terrazza mare,attiva,2014-06-16,2014,6,45.60555,13.72195,ASSENTE,"1,83",10,ENE,"0,08","6,0","0,82","0,06","113,80","7,86",ASSENTE,"36,71","17,5","23,8",0,0,118,7,,,,0,0,140,13
Punta Sottile - Muggia,Terrazza mare,attiva,2014-07-28,2014,7,45.60555,13.72195,ASSENTE,"2,48",9,ASSENTE,"0,22",ASSENTE,"2,91","0,14","110,45","8,2",ASSENTE,"34,02","24,49","27,4",0,0,416,0,,,,0,0,69,0
Punta Sottile - Muggia,Terrazza mare,attiva,2014-08-18,2014,8,45.60555,13.72195,ASSENTE,"1,15",7,ASSENTE,"0,03",ASSENTE,"1,88","0,08","122,96","8,03",ASSENTE,"34,21","24,01","27,4",0,0,143,0,,,,0,0,86,0
Punta Sottile - Muggia,Terrazza mare,attiva,2014-09-15,2014,9,45.60555,13.72195,ASSENTE,"0,12",2,ASSENTE,"0,01",ASSENTE,"0,3","0,04","98,27","8,18",ASSENTE,"35,82","21,51",21,0,0,333,0,,,,56,0,666,40
Punta Sottile - Muggia,Terrazza mare,attiva,2015-05-18,2015,5,45.60555,13.72195,ASSENTE,"0,35",0,ASSENTE,"0,1",ASSENTE,"2,22","0,04","101,99","8,21",ASSENTE,"36,18","18,75","26,0",0,0,173,0,,,,0,0,0,0
Punta Sottile - Muggia,Terrazza mare,attiva,2015-06-22,2015,6,45.60555,13.72195,ASSENTE,"0,02",10,ASSENTE,"0,04",ASSENTE,"0,55","0,02","102,61","8,27",ASSENTE,"37,1","21,8",27,0,0,45,0,,,,0,0,0,0
Punta Sottile - Muggia,Terrazza mare,attiva,2015-07-06,2015,7,45.60555,13.72195,ASSENTE,"0,32",4,ASSENTE,"0,05",ASSENTE,"2,16","0,02","103,39","8,23",ASSENTE,"35,39","28,48","33,0",698,0,873,0,,,,0,0,194,0
Punta Sottile - Muggia,Terrazza mare,attiva,2015-08-17,2015,8,45.60555,13.72195,ASSENTE,"0,51",10,ASSENTE,"0,03",ASSENTE,"0,27","0,03","86,70","7,31",ASSENTE,"33,22","23,63",24,0,0,0,0,,,,0,0,0,0
Punta Sottile - Muggia,Terrazza mare,attiva,2015-09-08,2015,9,45.60555,13.72195,ASSENTE,"0,96",1,O,"0,04","2,00","1,08","0,04","95,69","8,05",ASSENTE,"36,64","23,10",23,0,0,1116,0,,,,0,0,1070,0
Punta Sottile - Muggia,Terrazza mare,attiva,2016-05-16,2016,5,45.60555,13.72195,"0,20","0,94",2,O,"0,01",3,"4,19","0,07","108,47","8,14",O,"36,43","16,25","18,0",0,0,874,0,,,,0,0,0,0
Punta Sottile - Muggia,Terrazza mare,attiva,2016-06-27,2016,6,45.60555,13.72195,"0,40","0,63",9,O,"0,12",4,"2,54","0,02","103,30","8,24",O,"34,44","24,96","28,0",0,0,45,0,,,,0,0,422,0
Punta Sottile - Muggia,Terrazza mare,attiva,2016-07-25,2016,7,45.60555,13.72195,"0,30","1,16",9,NE,"0,01","9,00","5,07","0,08","98,78","8,13",NO,"36,09","26,80","33,0",0,0,420,0,,,,0,0,300,0
Punta Sottile - Muggia,Terrazza mare,attiva,2016-08-08,2016,8,45.60555,13.72195,"0,20","0,91",ASSENTE,NE,"0,09",5,"2,94","0,03","93,85","8,16",NE,"36,94","23,30",29,24,0,581,0,,,,0,0,121,0
Punta Sottile - Muggia,Terrazza mare,attiva,2016-09-19,2016,9,45.60555,13.72195,ASSENTE,"1,57",8,NO,"0,01",2,"4,20","0,05","90,92","8,16",ASSENTE,"36,75","23,14",23,51,0,1277,0,,,,51,0,179,0
Punta Sottile - Muggia,Terrazza mare,attiva,2017-05-22,2017,5,45.60555,13.72195,ASSENTE,"1,02",5,ONO,"1,66","3,6","4,37","0,23","131,77","8,29",ASSENTE,"34,95","18,65",22,0,0,128042,0,,,,0,0,481,0
Punta Sottile - Muggia,Terrazza mare,attiva,2017-06-20,2017,6,45.60555,13.72195,ASSENTE,"1,60",0,SSO,"0,08","2,4","3,83","0,01","102,38","8,43",ASSENTE,"33,85","24,95",35,0,0,939,0,,,,0,0,300,40
Punta Sottile - Muggia,Terrazza mare,attiva,2017-07-17,2017,7,45.60555,13.72195,ASSENTE,"1,05",1,O,"0,04","3,6","3,63","0,08","109,08","8,31",ASSENTE,"35,68","22,54",23,60,0,20,0,,,,0,0,100,0
Punta Sottile - Muggia,Terrazza mare,attiva,2017-08-28,2017,8,45.60555,13.72195,ASSENTE,"1,21",10,S,"0,32","4,4","2,45","0,04","106,89","8,41",ASSENTE,"36,06","25,09",29,0,0,5287,0,,,,0,0,0,0
Punta Sottile - Muggia,Terrazza mare,attiva,2017-09-18,2017,9,45.60555,13.72195,ASSENTE,"1,87",8,E,"0,01","1,9","2,26","0,04","81,99","8,33",ASSENTE,"36,23","22,10",20,0,0,165,0,,,,0,0,247,0
Punta Sottile - Muggia,Terrazza mare,attiva,2018-05-21,2018,5,45.60555,13.72195,ASSENTE,"0,52",3,E,"0,02","6,39","5,15","0,12","94,11","8,17",ASSENTE,"37,40","19,50",23,195,0,244,0,,,,0,0,0,0
Punta Sottile - Muggia,Terrazza mare,attiva,2018-06-26,2018,6,45.60555,13.72195,ASSENTE,,2,ENE,"0,1","7,50","3,54","0,04","96,34","8,15",ASSENTE,"37,6","21,59",24,381,0,1067,0,,,,0,0,1943,40
Punta Sottile - Muggia,Terrazza mare,attiva,2018-07-23,2018,7,45.60555,13.72195,ASSENTE,"0,2",10,O,"0,15","2,20","0,07","0,07","87,10","8,20",ASSENTE,"37,40","26,00",26,0,0,270,0,,,,0,0,974,0
Punta Sottile - Muggia,Terrazza mare,attiva,2018-08-27,2018,8,45.60555,13.72195,ASSENTE,"0,63",1,NE,"1,18","6,40","5,84",,"92,30","8,10",ASSENTE,"37,60","20,10",21,0,0,422,0,,,,590,40,633,80
Punta Sottile - Muggia,Terrazza mare,attiva,2018-09-17,2018,9,45.60555,13.72195,ASSENTE,"1,3",3,ONO,"0,15","2,8","4,35","0,1","89,48","8,10",ASSENTE,"37,11","24,79",24,938,0,15876,0,,,,63577,1000,794,0
Punta Sottile - Muggia,Terrazza mare,attiva,2019-06-24,2019,6,45.60555,13.72195,ASSENTE,"1,95",2,NO,"0,12","2,30","7,88","0,06","95,45","8,32",ASSENTE,"33,14","25,70",30,124,0,69,0,,,,0,0,165,0
Punta Sottile - Muggia,Terrazza mare,attiva,2019-07-15,2019,7,45.60555,13.72195,ASSENTE,"0,11",7,E,"0,06","8,10","5,73","0,06","87,02","8,23",ASSENTE,"36,78","24,36",30,68,0,102,0,,,,0,0,920,0
Punta Sottile - Muggia,Terrazza mare,attiva,2019-07-22,2019,7,45.60555,13.72195,ASSENTE,"0,11",8,ONO,"0,01","2,80","5,79","0,06","89,86","8,27",ASSENTE,"35,71","26,10",30,107,0,160,0,,,,0,0,133,0
Punta Sottile - Muggia,Terrazza mare,attiva,2019-08-05,2019,8,45.60555,13.72195,ASSENTE,"0,32",9,ONO,"0,1","1,90","4,39","0,06","91,21","8,25",ASSENTE,"34,82","25,71",24,48,0,120,0,,,,0,0,407,0
Punta Sottile - Muggia,Terrazza mare,attiva,2019-08-26,2019,8,45.60555,13.72195,ASSENTE,"0,11",1,E,"0,01","3,5","2,49","0,06","93,77","8,19",ASSENTE,"37,38","25,27",32,0,0,1075,0,,,,0,0,269,0
Punta Sottile - Muggia,Terrazza mare,attiva,2019-09-16,2019,9,45.60555,13.72195,ASSENTE,"0,11",0,ONO,"0,03","1,4","2,59","0,06","86,30","8,14",ASSENTE,"37,14","23,50",24,0,0,1739,0,,,,605,0,605,0
Punta Sottile - Muggia,Terrazza mare,attiva,2019-09-23,2019,9,45.60555,13.72195,ASSENTE,"0,53",10,O,"0,03","1,4","3,71","0,06","81,21","8,15",ASSENTE,"37,67","21,10",18,0,0,2271,0,,,,3797,40,0,0
Punta Sottile - Muggia,Terrazza mare,attiva,2020-06-22,2020,6,45.60555,13.72195,ASSENTE,"0,01",3,ONO,"0,07","2,50","1,22","0,01",,"8,02",ASSENTE,"31,55","23,73",23,198,0,452,0,,,,0,0,565,0
Punta Sottile - Muggia,Terrazza mare,attiva,2020-07-06,2020,7,45.60555,13.72195,ASSENTE,"0,01",0,O,"0,03","2,50","1,52","0,01","88,13","8,05",ASSENTE,"34,79","24,04",26,563,160,1182,0,,,,0,0,2055,0
Punta Sottile - Muggia,Terrazza mare,attiva,2020-07-20,2020,7,45.60555,13.72195,ASSENTE,"0,01",0,NO,"0,01","2,50","1,04","0,01","91,51","8,06",ASSENTE,"36,42","22,53",22,0,0,1270,0,,,,0,0,1485,0
Punta Sottile - Muggia,Terrazza mare,attiva,2020-08-03,2020,8,45.60555,13.72195,ASSENTE,"0,84",10,ENE,"0,02","1,70","1,68","0,01","82,01","7,99",ASSENTE,"35,94","26,00",26,117,0,254,0,,,,0,0,644,80
Punta Sottile - Muggia,Terrazza mare,attiva,2020-08-24,2020,8,45.60555,13.72195,ASSENTE,"0,01",2,ENE,"0,25","10,80","1,39","0,01","103,83","7,99",ASSENTE,"37,47","22,90",26,661,0,220,0,,,,0,0,220,0
Punta Sottile - Muggia,Terrazza mare,attiva,2020-09-07,2020,9,45.60555,13.72195,ASSENTE,"0,01",7,ENE,"0,03","9,70","0,10","0,01","90,75","8,03",ASSENTE,"36,29","24,60",24,0,0,264,0,,,,0,0,264,0
Punta Sottile - Muggia,Terrazza mare,attiva,2020-09-14,2020,9,45.60555,13.72195,ASSENTE,,0,E,,"4,70",,,"107,56","8,21",ASSENTE,"36,42","23,14",30,,,,,,,,,,,
Punta Sottile - Muggia,Terrazza mare,attiva,2020-09-21,2020,9,45.60555,13.72195,ASSENTE,"0,10",10,S,"0,08","2,50","0,10","0,10","93,79","7,61",ASSENTE,"37,15","22,03",22,83,0,743,0,,,,41,80,371,0
Punta Sottile - Muggia,Terrazza mare,attiva,2021-06-21,2021,6,45.60555,13.72195,ASSENTE,"0,01",1,ONO,"0,01","2,50","3,60","0,12","84,44","8,13",ASSENTE,"33,50","26,64",27,0,0,817,0,,,,0,0,427,0
Punta Sottile - Muggia,Terrazza mare,attiva,2021-07-05,2021,7,45.60555,13.72195,ASSENTE,"1,41",5,WNW,"0,01","2,50","2,52","0,11","83,93","8,08",ASSENTE,"32,11","26,41",24,0,0,17,0,,,,0,0,41,0
Punta Sottile - Muggia,Terrazza mare,attiva,2021-07-19,2021,7,45.60555,13.72195,ASSENTE,"0,01",2,NE,"0,01","7,50","0,01","0,11","88,31","8,11",ASSENTE,"34,20","25,28",30,63,0,0,0,,,,0,0,63,0
Punta Sottile - Muggia,Terrazza mare,attiva,2021-08-02,2021,8,45.60555,13.72195,ASSENTE,"0,13",5,WSW,"0,18","3,30","1,49","0,08","85,48","8,07",ASSENTE,"34,80","27,10",26,17,0,104,0,,,,0,0,69,0
Punta Sottile - Muggia,Terrazza mare,attiva,2021-08-24,2021,8,45.60555,13.72195,ASSENTE,"0,01",0,ENE,"0,19","5,28","1,68","0,01","83,70",,ASSENTE,"37,35","23,40",24,98,0,1181,0,,,,0,0,107,0
Punta Sottile - Muggia,Terrazza mare,attiva,2021-09-06,2021,9,45.60555,13.72195,ASSENTE,"0,57",0,NE,"0,36","4,70","1,17","0,01","90,48",,ASSENTE,"36,35","22,58",24,89,0,1115,0,,,,98,0,45,0
Punta Sottile - Muggia,Terrazza mare,attiva,2021-09-20,2021,9,45.60555,13.72195,ASSENTE,"0,62",9,ENE,"0,22","10,50","1,57","0,01","96,33",,ASSENTE,"36,14","22,49",21,163,0,846,160,,,,0,0,358,0
Punta Sottile - Muggia,Terrazza mare,attiva,2022-06-20,2022,6,45.60555,13.72195,ASSENTE,"0,77",0,ONO,"0,25","1,40","1,74","0,05","160,93","8,15",ASSENTE,"37,77","24,80",25,0,0,107,0,,,,0,0,43,0
Punta Sottile - Muggia,Terrazza mare,attiva,2022-07-25,2022,7,45.60555,13.72195,ASSENTE,"1,11",0,NW,"0,12","3,30","2,87","<0,01","117,43","8,23",ASSENTE,"37,66","28,00",29,713,0,1177,0,,,,0,0,891,40
Punta Sottile - Muggia,Terrazza mare,attiva,2022-08-08,2022,8,45.60555,13.72195,ASSENTE,"0,65",3,ENE,"0,17","9,17","2,55","<0,01","95,10","8,15",ASSENTE,"38,15","21,40",25,180,0,270,0,,,,1020,0,90,40
Punta Sottile - Muggia,Terrazza mare,attiva,2022-08-22,2022,8,45.60555,13.72195,ASSENTE,"<0,01",3,WNW,"0,12","1,60","2,12","<0,01",,,ASSENTE,,"25,26",25,0,0,5234,0,,,,86163,1200,766,0
Punta Sottile - Muggia,Terrazza mare,attiva,2022-08-29,2022,8,45.60555,13.72195,ASSENTE,"1,19",5,W,"0,11","2,50","1,86","0,3",,"8,25",ASSENTE,"38,13","25,48",26,0,0,3313,80,,,,76631,4040,1043,0
Punta Sottile - Muggia,Terrazza mare,attiva,2022-09-05,2022,9,45.60555,13.72195,ASSENTE,"0,98",3,WSW,"0,23","1,10","1,34","0,35","96,81","7,90",ASSENTE,"38,19","23,50",24,0,0,6498,120,,,,36328,1800,0,0
Punta Sottile - Muggia,Terrazza mare,attiva,2022-09-19,2022,9,45.60555,13.72195,ASSENTE,,3,SW,,"1,90",,,"94,11","8,14",ASSENTE,"37,99","23,71",21,0,0,12981,40,,,,23967,160,0,0
Punta Sottile - Muggia,Terrazza mare,attiva,2023-06-19,2023,6,45.60555,13.72195,ASSENTE,"1,43",5,NW,"0,19","2,80","0,39","0,14","106,81","8,13",ASSENTE,"37,77","24,59",24,0,0,301,0,,,,0,0,69,0
Punta Sottile - Muggia,Terrazza mare,attiva,2023-07-24,2023,7,45.60555,13.72195,ASSENTE,"1,06",10,SSW,"0,09","1,10","0,60","0,08","89,52","8,00",ASSENTE,"37,39","27,90",27,45,0,118,0,,,,0,0,416,0
Punta Sottile - Muggia,Terrazza mare,attiva,2023-08-07,2023,8,45.60555,13.72195,ASSENTE,"2,56",1,W,"0,12","0,80","6,08","0,11","81,27","8,01",ASSENTE,"37,05","24,58",21,196,0,873,80,,,,0,0,7340,200
Punta Sottile - Muggia,Terrazza mare,attiva,2023-08-21,2023,8,45.60555,13.72195,ASSENTE,"2,24",0,NNW,"0,13","2,50","0,61","0,11","81,17","8,00",ASSENTE,"37,67","25,90",28,299,0,689,160,,,,299,0,483,40
Punta Sottile - Muggia,Terrazza mare,attiva,2023-09-04,2023,9,45.60555,13.72195,ASSENTE,"0,87",4,E,"0,12","3,60","0,31","0,08","100,03","8,07",ASSENTE,"37,15","25,22",25,194,80,156,40,,,,493,240,583,120
Punta Sottile - Muggia,Terrazza mare,attiva,2023-09-18,2023,9,45.60555,13.72195,ASSENTE,"0,99",10,ESE,"0,02","1,30","2,37","0,15","84,61","7,93",ASSENTE,"37,90","24,30",23,331,0,1590,0,,,,4306,0,1242,0
Punta Sottile - Muggia,Terrazza mare,attiva,2024-06-24,2024,6,45.60555,13.72195,ASSENTE,"1,21",9,ENE,"0,07","16,70","<1,43","<0,06","91,25","8,21",ASSENTE,"36,95","20,30",24,0,0,0,0,,,,0,0,43,0
Punta Sottile - Muggia,Terrazza mare,attiva,2024-07-22,2024,7,45.60555,13.72195,ASSENTE,"1,21",7,W,"<0,01","1,60","2,43","<0,06","90,51",,ASSENTE,"37,07","24,54",25,16,0,228,0,,,,0,0,488,0
Punta Sottile - Muggia,Terrazza mare,attiva,2024-08-05,2024,8,45.60555,13.72195,ASSENTE,"2,21",9,NE,"0,15","1,6","2,14","0,13","88,96","8,18",ASSENTE,"33,86","26,74","28,3",26,0,1029,0,,,,0,0,567,0
Punta Sottile - Muggia,Terrazza mare,attiva,2024-08-19,2024,8,45.60555,13.72195,ASSENTE,"5,64",10,SSE,"<0,01","0,3","2,36","0,26","77,64","8,12",ASSENTE,"36,30","28,24","22,5",31,0,265,0,,,,0,0,545,0
Punta Sottile - Muggia,Terrazza mare,attiva,2024-09-02,2024,9,45.60555,13.72195,ASSENTE,"1,29",3,SSE,"0,02","1,7","<1,43","<0,06","78,26","8,31",ASSENTE,"34,95","28,10","29,6",139,0,126,40,,,,38,0,315,0
Punta Sottile - Muggia,Terrazza mare,attiva,2024-09-16,2024,9,45.60555,13.72195,ASSENTE,"0,06",2,SE,"0,1","1,9","<1,43","<0,06","84,50","8,21",ASSENTE,"35,20","21,88","17,0",274,0,504,0,,,,377,560,130,0
S. Bartolomeo - Muggia,Campeggio Polizia,dismessa,2010-05-25,2010,5,45.59665,13.723033333333332,ASSENTE,"1,00",0,SO,"0,10","4,8","8,79","0,23","126,00","8,26",ASSENTE,"28,90","22,77","28,8",0,0,1570,320,,,,0,0,0,1064
Sistiana - Duino-Aurisina,Spiaggia ex Castelreggio,attiva,2009-10-07,2009,10,45.76743333333334,13.6308,ASSENTE,,0,NNE,,"5,0",,,,,ASSENTE,,,"26,0",,,,,,,,,,,
Sistiana - Duino-Aurisina,Spiaggia ex Castelreggio,attiva,2010-05-27,2010,5,45.76743333333334,13.6308,ASSENTE,"0,76",0,S,"0,01","3,5","38,95","0,33","109,10","8,07",ASSENTE,"21,40","21,48","29,0",0,0,0,0,,,,0,0,0,0
Sistiana - Duino-Aurisina,Spiaggia ex Castelreggio,attiva,2010-06-29,2010,6,45.76743333333334,13.6308,ASSENTE,"1,80",8,ASSENTE,"0,02","0,0","15,54","0,22","102,50","8,24",ASSENTE,"26,90","24,06","25,2",0,0,50080,1720,,,,0,0,0,0
Sistiana - Duino-Aurisina,Spiaggia ex Castelreggio,attiva,2010-07-21,2010,7,45.76743333333334,13.6308,ASSENTE,"1,69","0,5",SO,"0,01","0,07","15,39","0,49","109,90","8,07",ASSENTE,"35,70","21,70",29,0,0,554,40,,,,0,0,35,0
Sistiana - Duino-Aurisina,Spiaggia ex Castelreggio,attiva,2010-08-18,2010,8,45.76743333333334,13.6308,ASSENTE,"0,81",5,SO,"0,01","4,5","13,50","0,16","97,10","8,18",ASSENTE,"29,30","24,44","26,5",0,0,0,79,,,,0,0,122,0
Sistiana - Duino-Aurisina,Spiaggia ex Castelreggio,attiva,2010-09-15,2010,9,45.76743333333334,13.6308,ASSENTE,"3,48",4,S,"0,01","2,2","17,50","0,14","89,90","8,17",ASSENTE,"27,40","22,09","25,8",0,0,15,0,0,0,0,0,0,123,0
Sistiana - Duino-Aurisina,Spiaggia ex Castelreggio,attiva,2011-05-17,2011,5,45.76743333333334,13.6308,ASSENTE,"0,85",4,OSO,"0,02","2,2","14,84","0,10","96,4","8,14",ASSENTE,"33,76","15,96","20,2",0,0,798,0,,,,0,0,0,0
Sistiana - Duino-Aurisina,Spiaggia ex Castelreggio,attiva,2011-06-17,2011,6,45.76743333333334,13.6308,ASSENTE,"0,85",7,SO,"0,01","1,0","5,63","0,07","99,6","8,13",ASSENTE,"31,77","24,04","26,0",0,0,332,0,,,,0,0,16,0
Sistiana - Duino-Aurisina,Spiaggia ex Castelreggio,attiva,2011-07-13,2011,7,45.76743333333334,13.6308,ASSENTE,"2,51",5,ASSENTE,"0,05",0,"9,68","0,40","116,2","8,20",ASSENTE,"34,56","25,87",33,0,0,610,1200,,,,0,0,87,0
Sistiana - Duino-Aurisina,Spiaggia ex Castelreggio,attiva,2011-08-11,2011,8,45.76743333333334,13.6308,ASSENTE,"2,07",1,SO,"0,04","4,5","11,45","0,21","107,2","8,15",ASSENTE,"32,89","24,29","30,3",0,0,79,0,,,,0,0,132,0
Sistiana - Duino-Aurisina,Spiaggia ex Castelreggio,attiva,2011-09-15,2011,9,45.76743333333334,13.6308,ASSENTE,"0,94",1,ASSENTE,"0,02",0,"0,44","0,08","115,3","8,14",ASSENTE,"35,94","25,28","32,2",0,0,431,0,,,,323,0,0,0
Sistiana - Duino-Aurisina,Spiaggia ex Castelreggio,attiva,2012-05-24,2012,5,45.76743333333334,13.6308,ASSENTE,"0,52",2,ASSENTE,"0,01",ASSENTE,"8,64","0,08","104,09","8,10",ASSENTE,"34,292","17,301","22,5",0,0,30,0,,,,0,40,0,0
Sistiana - Duino-Aurisina,Spiaggia ex Castelreggio,attiva,2012-06-21,2012,6,45.76743333333334,13.6308,ASSENTE,"1,40",1,ASSENTE,"0,02",ASSENTE,"8,43","0,16","97,07","8,04",ASSENTE,"31,840","25,354","31,0",0,0,74720,160,,,,0,0,0,40
Sistiana - Duino-Aurisina,Spiaggia ex Castelreggio,attiva,2012-07-11,2012,7,45.76743333333334,13.6308,ASSENTE,"1,11",2,SE,"0,03","3,0","2,16","0,13","79,99","7,97",ASSENTE,"34,855","26,594","33,5",0,0,29,0,,,,0,0,29,0
Sistiana - Duino-Aurisina,Spiaggia ex Castelreggio,attiva,2012-08-09,2012,8,45.76743333333334,13.6308,ASSENTE,"0,84",8,NO,"0,01","9,0","0,51","0,02","104,78","8,04",ASSENTE,"36,931","25,923","34,7",0,0,2071,0,,,,0,0,83,0
Sistiana - Duino-Aurisina,Spiaggia ex Castelreggio,attiva,2012-09-13,2012,9,45.76743333333334,13.6308,ASSENTE,"1,85",10,E,"0,01","3,0","0,52","0,02","82,27","8,26",ASSENTE,"36,893","22,986","17,0",0,0,572,40,,,,322,0,36,0
Sistiana - Duino-Aurisina,Spiaggia ex Castelreggio,attiva,2013-05-13,2013,5,45.76743333333334,13.6308,ASSENTE,"0,64",3,OSO,"0,03","2,40","1,64","0,10","105,51","8,20",ASSENTE,"36,76","17,07","23,0",0,0,0,0,,,,0,0,0,0
Sistiana - Duino-Aurisina,Spiaggia ex Castelreggio,attiva,2013-06-17,2013,6,45.76743333333334,13.6308,ASSENTE,"3,42",0,ASSENTE,"0,06",ASSENTE,"28,40","0,29","114,03","8,12",ASSENTE,"30,19","25,82","34,5",0,0,335,0,,,,0,0,0,20
Sistiana - Duino-Aurisina,Spiaggia ex Castelreggio,attiva,2013-07-15,2013,7,45.76743333333334,13.6308,ASSENTE,"2,83",9,ASSENTE,"0,21",ASSENTE,"1,11","0,08","100,82","8,16",ASSENTE,"36,36","24,03","29,4",0,0,333,0,,,,0,0,0,20
Sistiana - Duino-Aurisina,Spiaggia ex Castelreggio,attiva,2013-08-19,2013,8,45.76743333333334,13.6308,ASSENTE,"3,50",1,ASSENTE,"0,04",ASSENTE,"3,83","0,19","99,87","8,09",ASSENTE,"36,00","24,51","28,9",0,0,1010,0,,,,0,0,395,0
Sistiana - Duino-Aurisina,Spiaggia ex Castelreggio,attiva,2013-09-16,2013,9,45.76743333333334,13.6308,ASSENTE,"1,53",3,SSO,"0,04","1,3","1,65","0,20","94,02","8,19",ASSENTE,"35,71","22,83","26,9",0,0,0,0,,,,31,0,93,0
Sistiana - Duino-Aurisina,Spiaggia ex Castelreggio,attiva,2014-05-12,2014,5,45.76743333333334,13.6308,ASSENTE,"0,96",5,OSO,"0,03","1,0","16,9","0,22","93,33","8,05",ASSENTE,"29,19","19,79","17,2",0,0,400,0,,,,0,0,0,11
Sistiana - Duino-Aurisina,Spiaggia ex Castelreggio,attiva,2014-06-16,2014,6,45.76743333333334,13.6308,ASSENTE,"2,2",10,ASSENTE,"0,1",ASSENTE,"1,46","0,07","115,33","8,10",ASSENTE,"35,84","19,40","23,8",0,0,44,20,,,,0,0,24,7
Sistiana - Duino-Aurisina,Spiaggia ex Castelreggio,attiva,2014-07-28,2014,7,45.76743333333334,13.6308,,,,,,,,,,,,,,,0,0,118,0,,,,0,0,157,0
Sistiana - Duino-Aurisina,Spiaggia ex Castelreggio,attiva,2014-07-29,2014,7,45.76743333333334,13.6308,ASSENTE,"2,58",10,ASSENTE,"0,06",ASSENTE,"3,24","0,12","100,73","8,31",ASSENTE,"33,95","23,85","26,9",,,,,,,,,,,
Sistiana - Duino-Aurisina,Spiaggia ex Castelreggio,attiva,2014-08-18,2014,8,45.76743333333334,13.6308,ASSENTE,"1,01",4,ASSENTE,"0,02",ASSENTE,"4,12","0,1","100,46","8,02",ASSENTE,"32,79","24,99","29,6",0,0,157,0,,,,0,0,235,0
Sistiana - Duino-Aurisina,Spiaggia ex Castelreggio,attiva,2014-09-15,2014,9,45.76743333333334,13.6308,ASSENTE,"1,69",6,ASSENTE,"0,01",ASSENTE,"20,5","0,16","91,02","8,06",ASSENTE,"26,27","22,11",26,73,0,364,20,,,,291,0,73,0
Sistiana - Duino-Aurisina,Spiaggia ex Castelreggio,attiva,2014-09-24,2014,9,45.76743333333334,13.6308,ASSENTE,,5,ASSENTE,,ASSENTE,,,,,ASSENTE,,,20,,,,,,,,,,,
Sistiana - Duino-Aurisina,Spiaggia ex Castelreggio,attiva,2015-05-18,2015,5,45.76743333333334,13.6308,ASSENTE,"0,38",0,ASSENTE,"0,07",ASSENTE,"1,69","0,03","107,29","8,22",ASSENTE,"36,26","17,06","27,0",0,0,1046,0,,,,0,0,0,0
Sistiana - Duino-Aurisina,Spiaggia ex Castelreggio,attiva,2015-06-22,2015,6,45.76743333333334,13.6308,ASSENTE,"0,76",10,ASSENTE,"0,05",ASSENTE,"7,04","0,07","100,09","8,23",ASSENTE,"33,83","22,13","25,0",258,0,13329,600,,,,0,0,0,0
Sistiana - Duino-Aurisina,Spiaggia ex Castelreggio,attiva,2015-07-06,2015,7,45.76743333333334,13.6308,ASSENTE,"0,62",8,ASSENTE,"0,05",ASSENTE,"3,96","0,04","101,15","8,24",ASSENTE,"35,16","27,30","33,0",88,0,264,0,,,,0,0,0,0
Sistiana - Duino-Aurisina,Spiaggia ex Castelreggio,attiva,2015-08-17,2015,8,45.76743333333334,13.6308,ASSENTE,"1,17",10,ESE,"0,05","1,00","0,72","0,02","97,91","7,99",ASSENTE,"35,95","25,82",24,0,0,560,0,,,,80,0,320,0
Sistiana - Duino-Aurisina,Spiaggia ex Castelreggio,attiva,2015-09-08,2015,9,45.76743333333334,13.6308,ASSENTE,"1,94",0,ASSENTE,"0,05",ASSENTE,"1,52","0,09","90,87","8,07",ASSENTE,"36,00","23,70",21,0,0,540,0,,,,3060,160,108,0
Sistiana - Duino-Aurisina,Spiaggia ex Castelreggio,attiva,2016-05-16,2016,5,45.76743333333334,13.6308,ASSENTE,"1,18",9,O,"0,15",1,"57,06","0,10","97,96","7,86",ASSENTE,"21,04","17,15","20,0",0,0,48,0,,,,0,0,0,0
Sistiana - Duino-Aurisina,Spiaggia ex Castelreggio,attiva,2016-06-27,2016,6,45.76743333333334,13.6308,"0,30","0,83",7,O,"0,10",1,"12,88","0,11","100,80","8,19",O,"33,90","23,90","27,0",0,0,0,0,,,,0,0,0,0
Sistiana - Duino-Aurisina,Spiaggia ex Castelreggio,attiva,2016-07-25,2016,7,45.76743333333334,13.6308,ASSENTE,"0,63",9,ASSENTE,"0,01",ASSENTE,"4,18","0,07","96,73","8,18",ASSENTE,"35,87","26,54","31,0",0,0,216,0,,,,0,0,0,0
Sistiana - Duino-Aurisina,Spiaggia ex Castelreggio,attiva,2016-08-08,2016,8,45.76743333333334,13.6308,ASSENTE,"1,27",ASSENTE,E,"0,09",4,"2,90","0,10","92,48","8,10",ASSENTE,"36,33","24,20",28,0,0,1560,0,,,,0,0,40,0
Sistiana - Duino-Aurisina,Spiaggia ex Castelreggio,attiva,2016-09-19,2016,9,45.76743333333334,13.6308,ASSENTE,"0,96",7,NO,"0,01",2,"10,46","0,10","89,19","8,12",ASSENTE,"34,29","23,31",24,0,0,14,0,,,,140,160,28,0
Sistiana - Duino-Aurisina,Spiaggia ex Castelreggio,attiva,2017-05-22,2017,5,45.76743333333334,13.6308,ASSENTE,"0,75",5,SSO,"0,37","2,1","11,44","0,14","106,74","8,30",ASSENTE,"32,22","19,67",26,0,0,7107,0,,,,0,0,347,0
Sistiana - Duino-Aurisina,Spiaggia ex Castelreggio,attiva,2017-06-20,2017,6,45.76743333333334,13.6308,ASSENTE,"1,20",0,ASSENTE,"0,05","0,0","9,81","0,04","94,7","8,4",ASSENTE,"31,13","23,34",24,0,0,227,0,,,,0,0,0,120
Sistiana - Duino-Aurisina,Spiaggia ex Castelreggio,attiva,2017-07-17,2017,7,45.76743333333334,13.6308,ASSENTE,"0,55",0,O,"0,11","5,8","4,40","0,09","96,79","8,36",ASSENTE,"31,23","23,88",27,229,0,171,0,,,,0,0,571,0
Sistiana - Duino-Aurisina,Spiaggia ex Castelreggio,attiva,2017-08-28,2017,8,45.76743333333334,13.6308,ASSENTE,"0,65",10,O,"0,32","4,2","2,92","0,06","103,49","8,47",ASSENTE,"35,75","24,94",30,254,0,222,0,,,,0,0,666,0
Sistiana - Duino-Aurisina,Spiaggia ex Castelreggio,attiva,2017-09-18,2017,9,45.76743333333334,13.6308,ASSENTE,"1,16",6,OSO,"0,01","3,6","31,05","0,17","84,64","8,25",ASSENTE,"29,16","20,76",20,0,0,0,0,,,,0,0,178,0
Sistiana - Duino-Aurisina,Spiaggia ex Castelreggio,attiva,2018-05-21,2018,5,45.76743333333334,13.6308,ASSENTE,"1,55",5,ENE,"0,06","5,28","3,6","0,1","98,71","8,18",ASSENTE,"37,30","20,80",26,0,0,555,0,,,,0,0,0,0
Sistiana - Duino-Aurisina,Spiaggia ex Castelreggio,attiva,2018-06-26,2018,6,45.76743333333334,13.6308,ASSENTE,,2,NNE,"0,11","6,39","5,23","0,09","92,44","8,19",ASSENTE,"36,2","23,5",27,648,0,432,0,,,,0,0,1566,0
Sistiana - Duino-Aurisina,Spiaggia ex Castelreggio,attiva,2018-07-23,2018,7,45.76743333333334,13.6308,ASSENTE,"0,74",5,O,"0,04","4,20","0,07","0,07","91,30","8,20",ASSENTE,"36,70","25,80",26,683,0,158,0,,,,0,0,38315,360
Sistiana - Duino-Aurisina,Spiaggia ex Castelreggio,attiva,2018-08-27,2018,8,45.76743333333334,13.6308,ASSENTE,"1,19",0,ONO,"0,07","5,60","5,5","0,19","80,40","8,20",ASSENTE,"36,60","24,60",25,0,0,96,0,,,,741,0,2750,0
Sistiana - Duino-Aurisina,Spiaggia ex Castelreggio,attiva,2018-09-17,2018,9,45.76743333333334,13.6308,ASSENTE,"1,63",1,O,"0,17","2,2","18,63","0,16","88,57","8,11",ASSENTE,"34,63","25,17",23,0,0,11410,0,,,,15330,280,70,0
Sistiana - Duino-Aurisina,Spiaggia ex Castelreggio,attiva,2019-06-24,2019,6,45.76743333333334,13.6308,ASSENTE,"0,8",4,ASSENTE,"0,02",ASSENTE,32,"0,06","102,05","8,30",ASSENTE,"28,63","26,89",33,24,0,47,0,,,,0,0,47,0
Sistiana - Duino-Aurisina,Spiaggia ex Castelreggio,attiva,2019-07-15,2019,7,45.76743333333334,13.6308,ASSENTE,"0,11",8,E,"0,03","6,10","4,85","0,06","94,30","8,18",ASSENTE,"36,02","24,14",27,0,0,28,0,,,,0,0,252,0
Sistiana - Duino-Aurisina,Spiaggia ex Castelreggio,attiva,2019-07-22,2019,7,45.76743333333334,13.6308,ASSENTE,"0,11",7,ONO,"0,01","3,10","7,55","0,06","101,87","8,35",ASSENTE,"35,45","26,15",28,398,0,3320,0,,,,0,0,598,0
Sistiana - Duino-Aurisina,Spiaggia ex Castelreggio,attiva,2019-08-05,2019,8,45.76743333333334,13.6308,ASSENTE,"0,59",8,ONO,"0,14","2,20","4,81","0,14","95,36","8,37",ASSENTE,"34,03","26,39",26,0,0,76,0,,,,0,0,76,0
Sistiana - Duino-Aurisina,Spiaggia ex Castelreggio,attiva,2019-08-26,2019,8,45.76743333333334,13.6308,ASSENTE,"0,11",0,SE,"0,13","2,9","2,43","0,06","94,48","8,32",ASSENTE,"37,05","24,11",34,200,0,356,0,,,,156,0,333,0
Sistiana - Duino-Aurisina,Spiaggia ex Castelreggio,attiva,2019-09-16,2019,9,45.76743333333334,13.6308,ASSENTE,"0,39",0,NNO,"0,05","2,5",13,"0,06","97,53","8,35",ASSENTE,"34,37","23,92",24,0,0,1697,0,,,,3729,40,1311,0
Sistiana - Duino-Aurisina,Spiaggia ex Castelreggio,attiva,2019-09-23,2019,9,45.76743333333334,13.6308,ASSENTE,"0,89",10,O,"0,04","1,7","6,51","0,1","86,42","8,24",ASSENTE,"35,99","20,27",18,0,0,2280,0,,,,11460,200,7680,0
Sistiana - Duino-Aurisina,Spiaggia ex Castelreggio,attiva,2020-06-22,2020,6,45.76743333333334,13.6308,ASSENTE,"0,19",2,ONO,"0,09","1,40","36,67","0,19",,"8,07",ASSENTE,"24,32","24,21",25,0,0,259,0,,,,0,0,155,0
Sistiana - Duino-Aurisina,Spiaggia ex Castelreggio,attiva,2020-07-06,2020,7,45.76743333333334,13.6308,ASSENTE,"0,01",5,OSO,"0,01","3,60","3,01","0,01","96,77","8,16",ASSENTE,"31,91","25,75",28,0,640,781,0,,,,0,0,1987,0
Sistiana - Duino-Aurisina,Spiaggia ex Castelreggio,attiva,2020-07-20,2020,7,45.76743333333334,13.6308,ASSENTE,"0,01",0,ONO,"0,01","2,20","9,55","0,01","93,57","8,13",ASSENTE,"32,19","24,29",24,0,0,548,0,,,,0,0,812,0
Sistiana - Duino-Aurisina,Spiaggia ex Castelreggio,attiva,2020-08-03,2020,8,45.76743333333334,13.6308,ASSENTE,"0,17",10,SE,"0,12","3,30","1,48","0,01","86,99","8,15",ASSENTE,"36,23","26,30",26,0,292,0,0,,,,0,0,195,0
Sistiana - Duino-Aurisina,Spiaggia ex Castelreggio,attiva,2020-08-24,2020,8,45.76743333333334,13.6308,ASSENTE,"0,33",7,ENE,"0,24","8,60","0,76","0,01","94,12","8,15",ASSENTE,"36,33","25,78",26,0,0,0,0,,,,0,0,0,0
Sistiana - Duino-Aurisina,Spiaggia ex Castelreggio,attiva,2020-09-07,2020,9,45.76743333333334,13.6308,ASSENTE,"0,10",8,ENE,"0,02","9,20","0,10","0,01","95,10","8,19",ASSENTE,"35,89","25,01",25,0,0,139,440,,,,4724,19720,139,0
Sistiana - Duino-Aurisina,Spiaggia ex Castelreggio,attiva,2020-09-14,2020,9,45.76743333333334,13.6308,ASSENTE,,2,E,,"6,40",,,"89,83","8,06",ASSENTE,"36,35","23,60",27,0,0,0,40,,,,1461,160,0,0
Sistiana - Duino-Aurisina,Spiaggia ex Castelreggio,attiva,2020-09-21,2020,9,45.76743333333334,13.6308,ASSENTE,"0,10",9,NO,"0,07","1,70","1,69","0,10","100,90","8,02",ASSENTE,"36,80","22,26",24,0,0,0,0,,,,92,40,0,0
Sistiana - Duino-Aurisina,Spiaggia ex Castelreggio,attiva,2021-06-21,2021,6,45.76743333333334,13.6308,ASSENTE,"0,69",0,NO,"0,01","1,70","12,53","0,09","99,94","8,28",ASSENTE,"27,04","27,02",28,0,0,1251,0,,,,0,0,216,0
Sistiana - Duino-Aurisina,Spiaggia ex Castelreggio,attiva,2021-07-05,2021,7,45.76743333333334,13.6308,ASSENTE,"0,82",8,E,"0,01","5,00","9,46","0,09","90,99","8,36",ASSENTE,"29,19","26,97",27,779,0,591,0,,,,0,0,23,0
Sistiana - Duino-Aurisina,Spiaggia ex Castelreggio,attiva,2021-07-19,2021,7,45.76743333333334,13.6308,ASSENTE,"0,39",3,S,"0,01","2,20","12,77","0,21","79,00","7,94",ASSENTE,"31,83","25,01",27,0,0,897,0,,,,0,0,138,0
Sistiana - Duino-Aurisina,Spiaggia ex Castelreggio,attiva,2021-08-02,2021,8,45.76743333333334,13.6308,ASSENTE,"0,62",5,WNW,"0,19","1,90","2,09","0,07","83,39","8,05",ASSENTE,"34,70","26,61",26,112,0,168,0,,,,0,0,254,40
Sistiana - Duino-Aurisina,Spiaggia ex Castelreggio,attiva,2021-08-23,2021,8,45.76743333333334,13.6308,ASSENTE,"0,33",10,E,"0,16","15,20","1,69","0,06","80,81",,ASSENTE,"36,10","24,52",20,0,40,1173,0,,,,0,0,235,0
Sistiana - Duino-Aurisina,Spiaggia ex Castelreggio,attiva,2021-09-06,2021,9,45.76743333333334,13.6308,ASSENTE,"0,54",0,E,"0,22","4,10","0,60","0,01","92,73",,ASSENTE,"36,35","22,79",27,0,0,0,0,,,,0,0,0,0
Sistiana - Duino-Aurisina,Spiaggia ex Castelreggio,attiva,2021-09-20,2021,9,45.76743333333334,13.6308,ASSENTE,"0,88",8,E,"0,35","6,40","2,14","0,01","90,90",,ASSENTE,"36,29","22,13",19,0,0,0,0,,,,0,0,0,0
Sistiana - Duino-Aurisina,Spiaggia ex Castelreggio,attiva,2022-06-20,2022,6,45.76743333333334,13.6308,ASSENTE,"1,23",0,NO,"0,55","4,70","2,81","0,19","105,76","8,17",ASSENTE,"36,90","25,01",24,0,0,0,0,,,,0,0,0,0
Sistiana - Duino-Aurisina,Spiaggia ex Castelreggio,attiva,2022-07-25,2022,7,45.76743333333334,13.6308,ASSENTE,"1,30",0,E,"0,07","4,70","2,48","0,06","103,80","8,08",ASSENTE,"37,98","26,40",30,81,0,204,0,,,,0,0,204,0
Sistiana - Duino-Aurisina,Spiaggia ex Castelreggio,attiva,2022-08-08,2022,8,45.76743333333334,13.6308,ASSENTE,"1,48",5,ENE,"0,13","7,80","1,46","<0,01","96,32","8,28",ASSENTE,"37,81","25,94",28,0,80,289,160,,,,724,0,289,40
Sistiana - Duino-Aurisina,Spiaggia ex Castelreggio,attiva,2022-08-22,2022,8,45.76743333333334,13.6308,ASSENTE,"0,77",3,NNW,"0,08","1,00","1,62","<0,01",,,ASSENTE,,"23,96",24,366,0,0,0,,,,1423,0,163,0
Sistiana - Duino-Aurisina,Spiaggia ex Castelreggio,attiva,2022-08-29,2022,8,45.76743333333334,13.6308,ASSENTE,"1,00",4,E,"0,12","3,60","0,85","0,34",,"8,17",ASSENTE,"37,91","25,19",27,1026,0,9645,120,,,,89885,120,57537,600
Sistiana - Duino-Aurisina,Spiaggia ex Castelreggio,attiva,2022-09-05,2022,9,45.76743333333334,13.6308,ASSENTE,"0,55",6,WNW,"0,10","2,20","2,57","0,31","103,99","8,19",ASSENTE,"37,16","24,10",24,0,0,0,0,,,,140427,720,0,0
Sistiana - Duino-Aurisina,Spiaggia ex Castelreggio,attiva,2022-09-19,2022,9,45.76743333333334,13.6308,ASSENTE,,3,S,,"2,20",,,"88,44","8,08",ASSENTE,"34,35","21,34",20,0,0,0,0,,,,3078,120,0,0
Sistiana - Duino-Aurisina,Spiaggia ex Castelreggio,attiva,2023-06-19,2023,6,45.76743333333334,13.6308,ASSENTE,"0,49",4,NNW,"0,11","1,70","9,70","0,10","97,55","8,04",ASSENTE,"37,59","21,61",22,0,0,0,0,,,,0,0,0,0
Sistiana - Duino-Aurisina,Spiaggia ex Castelreggio,attiva,2023-07-24,2023,7,45.76743333333334,13.6308,ASSENTE,"1,59",9,NW,"0,10","3,90","11,55","0,30","105,53","8,08",ASSENTE,"34,18","26,69",28,0,0,728,0,,,,0,0,4368,0
Sistiana - Duino-Aurisina,Spiaggia ex Castelreggio,attiva,2023-08-07,2023,8,45.76743333333334,13.6308,ASSENTE,"2,13",1,NW,"0,17","2,20","28,21","0,22","78,97","8,04",ASSENTE,"34,45","24,67",22,480,0,96,0,,,,0,0,240,0
Sistiana - Duino-Aurisina,Spiaggia ex Castelreggio,attiva,2023-08-21,2023,8,45.76743333333334,13.6308,ASSENTE,"2,57",0,ENE,"0,08","4,70","0,32","0,17","89,19","8,11",ASSENTE,"36,70","26,45",31,414,0,1103,0,,,,0,0,1414,0
Sistiana - Duino-Aurisina,Spiaggia ex Castelreggio,attiva,2023-09-04,2023,9,45.76743333333334,13.6308,ASSENTE,"1,38",3,ENE,"0,12","10,00","0,85","0,23","96,99","7,99",ASSENTE,"36,33","25,39",25,982,0,2782,0,,,,2727,0,2345,0
Sistiana - Duino-Aurisina,Spiaggia ex Castelreggio,attiva,2023-09-18,2023,9,45.76743333333334,13.6308,ASSENTE,"1,31",10,NW,"0,05","1,60","0,55","0,17","81,23","8,06",ASSENTE,"37,44","23,85",24,1770,520,28918,120,,,,90885,240,885,0
Sistiana - Duino-Aurisina,Spiaggia ex Castelreggio,attiva,2024-06-24,2024,6,45.76743333333334,13.6308,ASSENTE,"1,21",8,ENE,"0,03","16,70","<1,43","0,06","91,44","8,39",ASSENTE,"31,70","23,61",24,0,0,286,0,,,,0,0,286,0
Sistiana - Duino-Aurisina,Spiaggia ex Castelreggio,attiva,2024-07-22,2024,7,45.76743333333334,13.6308,ASSENTE,"0,86",5,NNE,"<0,01","1,90","17,21","0,19","92,00","8,25",ASSENTE,"32,32","25,44",30,169,0,366,0,,,,0,0,1085,0
Sistiana - Duino-Aurisina,Spiaggia ex Castelreggio,attiva,2024-08-05,2024,8,45.76743333333334,13.6308,ASSENTE,"2,00",7,NW,"0,05","3,9","<1,43","<0,06","88,66","8,21",ASSENTE,"36,47","26,62","27,7",153,0,612,0,,,,0,0,1070,0
Sistiana - Duino-Aurisina,Spiaggia ex Castelreggio,attiva,2024-08-19,2024,8,45.76743333333334,13.6308,ASSENTE,"5,14",10,ENE,"<0,01","0,6","<1,43","0,14","73,23","8,23",ASSENTE,"35,73","27,80","25,2",34,0,1629,0,,,,67,0,7749,0
Sistiana - Duino-Aurisina,Spiaggia ex Castelreggio,attiva,2024-09-02,2024,9,45.76743333333334,13.6308,ASSENTE,"0,34",3,WSW,"<0,01","2,8","<1,43","<0,06","99,84","8,39",ASSENTE,"35,30","28,73","28,5",57,0,257,0,,,,286,0,1314,240
Sistiana - Duino-Aurisina,Spiaggia ex Castelreggio,attiva,2024-09-16,2024,9,45.76743333333334,13.6308,ASSENTE,"2,21",9,WSW,"0,28","1,0","69,07","0,18","85,06","8,10",ASSENTE,"19,77","20,72","19,3",0,0,0,0,,,,134,120,0,0
Staranzano - Monfalcone,Spiaggia - Lido di Staranzano,dismessa,2010-05-26,2010,5,45.76586666666667,13.527766666666666,ASSENTE,"0,99",3,S,"0,11","5,0","13,85","0,35","111,00","8,00",ASSENTE,"22,30","23,23","24,8",3978,0,0,0,,,,0,0,0,898
Staranzano - Monfalcone,Spiaggia - Lido di Staranzano,dismessa,2010-06-30,2010,6,45.76586666666667,13.527766666666666,ASSENTE,"1,81",1,O,"0,04","3,6","28,50","0,35","150,00","8,52",ASSENTE,"20,20","34,72","33,0",0,0,5289,0,,,,0,0,0,0
Staranzano - Monfalcone,Spiaggia - Lido di Staranzano,dismessa,2010-07-22,2010,7,45.76586666666667,13.527766666666666,ASSENTE,"1,20","0,5",SO,"0,01","2,2","5,91","0,80","161,70","8,90",ASSENTE,"19,00","37,00","31,4",0,0,0,0,,,,0,0,768,0
Staranzano - Monfalcone,Spiaggia - Lido di Staranzano,dismessa,2010-08-19,2010,8,45.76586666666667,13.527766666666666,ASSENTE,"0,49",3,SSO,"0,01","3,6","69,31","0,51","147,00","8,25",ASSENTE,"14,10","32,79",28,0,0,0,0,,,,0,0,0,0
Staranzano - Monfalcone,Spiaggia - Lido di Staranzano,dismessa,2010-09-16,2010,9,45.76586666666667,13.527766666666666,ASSENTE,"0,64",9,SSO,"0,33",7,"32,42","0,25","111,00","8,20",ASSENTE,"20,00","24,37",25,0,0,0,0,0,0,0,0,0,682,0
Staranzano - Monfalcone,Spiaggia - Lido di Staranzano,dismessa,2011-05-19,2010,5,45.76586666666667,13.527766666666666,,,,,,,,,,,,,,,0,0,0,0,,,,0,0,0,0
Staranzano - Monfalcone,Spiaggia - Lido di Staranzano,dismessa,2011-05-19,2011,5,45.76586666666667,13.527766666666666,ASSENTE,"1,32",3,S,"0,01","6,5","11,98","0,24","132,7","8,43",ASSENTE,"24,43","29,42","27,8",,,,,,,,,,,
Staranzano - Monfalcone,Spiaggia - Lido di Staranzano,dismessa,2011-06-14,2010,6,45.76586666666667,13.527766666666666,,,,,,,,,,,,,,,0,0,0,0,,,,0,0,0,0
Staranzano - Monfalcone,Spiaggia - Lido di Staranzano,dismessa,2011-06-14,2011,6,45.76586666666667,13.527766666666666,ASSENTE,,9,SE,,"3,0",,,,,ASSENTE,,,"27,0",,,,,,,,,,,
Staranzano - Monfalcone,Spiaggia - Lido di Staranzano,dismessa,2011-06-15,2011,6,45.76586666666667,13.527766666666666,,"0,57",,,"0,01",,"6,05","0,20","93,7","7,94",,"26,11","22,44",,,,,,,,,,,,
Staranzano - Monfalcone,Spiaggia - Lido di Staranzano,dismessa,2011-07-14,2010,7,45.76586666666667,13.527766666666666,,,,,,,,,,,,,,,0,0,466,0,,,,0,0,6933,2000
Staranzano - Monfalcone,Spiaggia - Lido di Staranzano,dismessa,2011-07-14,2011,7,45.76586666666667,13.527766666666666,ASSENTE,"0,90",9,S,"0,01","3,6","23,44","0,34","116,9","8,34",ASSENTE,"23,88","26,38",30,,,,,,,,,,,
Staranzano - Monfalcone,Spiaggia - Lido di Staranzano,dismessa,2011-08-10,2010,8,45.76586666666667,13.527766666666666,,,,,,,,,,,,,,,0,0,90,0,,,,0,0,1263,0
Staranzano - Monfalcone,Spiaggia - Lido di Staranzano,dismessa,2011-08-10,2011,8,45.76586666666667,13.527766666666666,ASSENTE,"1,81",1,E,"0,15","5,7","14,56","0,54","90,5","8,06",ASSENTE,"23,43","20,59","24,3",,,,,,,,,,,
Staranzano - Monfalcone,Spiaggia - Lido di Staranzano,dismessa,2011-09-13,2010,9,45.76586666666667,13.527766666666666,,,,,,,,,,,,,,,0,0,441,1200,,,,0,0,1963,8800
Staranzano - Monfalcone,Spiaggia - Lido di Staranzano,dismessa,2011-09-13,2011,9,45.76586666666667,13.527766666666666,ASSENTE,"1,62",0,ASSENTE,"0,05",0,"37,64","0,37","113,6","8,10",ASSENTE,"20,39","23,04","32,2",,,,,,,,,,,
Trieste,"Stabilimento balneare ""Lanterna""",dismessa,2010-05-25,2010,5,45.64816666666667,13.753766666666667,ASSENTE,"1,37",0,ONO,"0,06","2,5","7,74","0,17","125,00","8,11",ASSENTE,"28,50","22,38","26,2",0,0,397,0,,,,0,0,0,6510
Trieste,"Stabilimento balneare ""Lanterna""",dismessa,2010-06-28,2010,6,45.64816666666667,13.753766666666667,ASSENTE,"2,65",0,O,"0,05","2,2","8,63","0,32","115,00","8,25",ASSENTE,"30,80","25,34","29,0",0,0,0,0,,,,0,0,0,0
Trieste,"Stabilimento balneare ""Lanterna""",dismessa,2010-07-20,2010,7,45.64816666666667,13.753766666666667,ASSENTE,"2,93","0,5",NNO,"0,04","2,8","1,21","0,17","107,20","7,99",ASSENTE,"36,70","19,90","30,8",0,0,244,160,,,,81,0,244,0
Trieste,"Stabilimento balneare ""Lanterna""",dismessa,2010-08-17,2010,8,45.64816666666667,13.753766666666667,ASSENTE,"1,74",4,O,"0,01",2,"2,06","0,17","105,90","8,27",ASSENTE,"34,20","25,26","25,8",0,0,123,0,,,,0,0,0,20
Trieste,"Stabilimento balneare ""Lanterna""",dismessa,2010-09-14,2010,9,45.64816666666667,13.753766666666667,ASSENTE,"1,15",0,ENE,"0,01",4,"1,00","0,11","102,80","8,29",ASSENTE,"35,00","20,80","25,2",0,0,210,1200,2000,0,71600,0,0,0,421
Trieste,"Stabilimento balneare ""Lanterna""",dismessa,2011-05-18,2011,5,45.64816666666667,13.753766666666667,ASSENTE,"0,83",1,ENE,"0,01","5,0","0,26","0,05","115,2","8,19",ASSENTE,"36,78","16,98","26,4",0,0,0,0,,,,0,0,0,0
Trieste,"Stabilimento balneare ""Lanterna""",dismessa,2011-06-15,2011,6,45.64816666666667,13.753766666666667,ASSENTE,"1,30",1,SO,"0,03","1,5","1,24","0,11","108,8","8,12",ASSENTE,"36,26","21,14","28,6",0,0,34,0,,,,0,0,0,0
Trieste,"Stabilimento balneare ""Lanterna""",dismessa,2011-07-15,2011,7,45.64816666666667,13.753766666666667,ASSENTE,"1,56",9,N,"0,05","2,2","1,48","0,17","104,6","8,25",ASSENTE,"35,24","26,46","29,2",31,0,244,1200,,,,0,0,15,800
Trieste,"Stabilimento balneare ""Lanterna""",dismessa,2011-08-09,2011,8,45.64816666666667,13.753766666666667,ASSENTE,"1,91",4,NE,"0,03",3,"0,86","0,14","106,0","8,22",ASSENTE,"35,37","24,41","25,6",250,0,842,0,,,,0,0,62,0
Trieste,"Stabilimento balneare ""Lanterna""",dismessa,2011-09-14,2011,9,45.64816666666667,13.753766666666667,ASSENTE,"2,24",0,ASSENTE,"0,01",0,"1,66","0,20","102,8",,ASSENTE,"35,79","25,74",30,0,0,931,0,,,,388,0,310,0
